# gymDatabase-ddl.sql

# Code specifications.
# Data types: ONLY use "int", "varchar(255)", "varchar(4096)" or "date" as appropriate.


# Drops all tables.
SET FOREIGN_KEY_CHECKS=0;
DROP TABLE IF EXISTS gym;
DROP TABLE IF EXISTS employees;
DROP TABLE IF EXISTS members;
DROP TABLE IF EXISTS sessions;
DROP TABLE IF EXISTS payments;
DROP TABLE IF EXISTS supplier;
DROP TABLE IF EXISTS equipment;
DROP TABLE IF EXISTS owner;
DROP TABLE IF EXISTS workers;
# ... 
SET FOREIGN_KEY_CHECKS=1;




# Create owner(owner_ID, name, key_card)
CREATE TABLE owner (
    owner_ID INT PRIMARY KEY,
    name VARCHAR(255) NOT NULL,
    key_card int NOT NULL
);

# Populate owner with three owners 
INSERT INTO owner (owner_ID, name, key_card) VALUES
(1, 'Harita Agarwal', 12345),
(2, 'Anisha Vijaykumar', 23456),
(3, 'Emil Baez Salazar', 34567);




# Create gym(gym_ID, number_of_rooms, address, state, city, zipcode )
# Added foreign key for owner to represent which owner is in charge of the gym
CREATE TABLE gym (
    gym_ID INT PRIMARY KEY,
    number_of_rooms INT NOT NULL,
    address VARCHAR(255) NOT NULL,
    state VARCHAR(255) NOT NULL,
    city VARCHAR(255) NOT NULL,
    zipcode INT NOT NULL,
    owner_ID INT NOT NULL,
    FOREIGN KEY (owner_ID) REFERENCES owner(owner_ID)
);

# Populate gym with tree gyms and their owners
INSERT INTO gym (gym_ID, number_of_rooms, address, state, city, zipcode, owner_ID) VALUES
(1, 10, '123 Chicago Ave', 'Virginia', 'Richmond', 23233, 1),
(2, 15, '1200 Forest Hill Dr', 'Virginia', 'Henrico', 10001, 2),
(3, 8, '900 Four Wheel Dr', 'Virginia', 'North Chesterfield', 23236, 3);




# Create employees(Employee_ID, DOB, first_name, last_name, timesheet, salary, position)
# Add gym id as foreign key to represent which gym the employee works at
CREATE TABLE employees (
    Employee_ID INT PRIMARY KEY,
    DOB DATE,
    first_name VARCHAR(255),
    last_name VARCHAR(255),
    timesheet INT,
    salary INT,
    position VARCHAR(255),
    gym_ID INT,
    FOREIGN KEY (gym_ID) REFERENCES gym(gym_ID)
);

# Populate employees with 100 employees
# Each employee will have Trainer, Manager, Receptionist, Cleaner, Maintenance, or Class Instructor as their position
INSERT INTO employees (Employee_ID, DOB, first_name, last_name, timesheet, salary, position, gym_ID) VALUES
(1, '1985-05-19', 'Sophia', 'Brown', 26, 60000, 'Maintenance', 2),
(2, '1984-03-19', 'Sara', 'Martinez', 36, 90000, 'Trainer', 1),
(3, '1989-02-04', 'Jane', 'Thomas', 41, 40000, 'Receptionist', 1),
(4, '2003-07-14', 'Emily', 'Miller', 46, 40000, 'Receptionist', 3),
(5, '1973-12-14', 'Sophia', 'Williams', 45, 80000, 'Class Instructor', 3),
(6, '1973-03-15', 'Jane', 'Anderson', 24, 60000, 'Maintenance', 1),
(7, '1978-10-19', 'Alex', 'Thomas', 49, 50000, 'Cleaner', 1),
(8, '1995-06-01', 'Maria', 'Martinez', 50, 60000, 'Maintenance', 3),
(9, '1971-11-03', 'Sophia', 'Moore', 17, 50000, 'Cleaner', 3),
(10, '1987-07-07', 'Emma', 'Anderson', 37, 80000, 'Class Instructor', 3),
(11, '1969-11-24', 'Laura', 'Smith', 48, 90000, 'Trainer', 3),
(12, '1964-09-18', 'Emma', 'Gonzalez', 30, 40000, 'Receptionist', 3),
(13, '1976-03-26', 'Linda', 'Jackson', 36, 60000, 'Maintenance', 2),
(14, '1996-02-06', 'Maria', 'Brown', 16, 40000, 'Receptionist', 2),
(15, '1968-01-19', 'Joseph', 'Miller', 31, 90000, 'Trainer', 3),
(16, '1982-03-19', 'Sara', 'Anderson', 49, 60000, 'Maintenance', 2),
(17, '1981-04-01', 'Chris', 'Davis', 18, 100000, 'Manager', 2),
(18, '1962-02-03', 'Chris', 'Davis', 39, 90000, 'Trainer', 2),
(19, '1996-09-07', 'Robert', 'Williams', 50, 100000, 'Manager', 1),
(20, '1963-06-21', 'Maria', 'Rodriguez', 22, 40000, 'Receptionist', 3),
(21, '1988-05-06', 'Emily', 'Williams', 29, 40000, 'Receptionist', 3),
(22, '2003-11-01', 'Olivia', 'Brown', 31, 100000, 'Manager', 1),
(23, '1965-12-07', 'Thomas', 'Rodriguez', 16, 60000, 'Maintenance', 2),
(24, '2005-12-27', 'Laura', 'Wilson', 35, 100000, 'Manager', 2),
(25, '1970-03-28', 'Jane', 'Martinez', 35, 60000, 'Maintenance', 1),
(26, '1986-07-02', 'David', 'Johnson', 21, 80000, 'Class Instructor', 2),
(27, '1977-11-17', 'Sara', 'Garcia', 41, 60000, 'Maintenance', 2),
(28, '1969-06-12', 'Linda', 'Martinez', 39, 100000, 'Manager', 2),
(29, '1980-01-13', 'Linda', 'Lopez', 46, 40000, 'Receptionist', 1),
(30, '2000-02-16', 'Linda', 'Martin', 18, 50000, 'Cleaner', 2),
(31, '1987-05-16', 'Isabella', 'Hernandez', 34, 50000, 'Cleaner', 1),
(32, '1984-05-07', 'Chris', 'Johnson', 24, 40000, 'Receptionist', 1),
(33, '1993-11-06', 'Joseph', 'Davis', 20, 40000, 'Receptionist', 2),
(34, '1971-09-14', 'John', 'Anderson', 24, 100000, 'Manager', 3),
(35, '2003-01-01', 'Emma', 'Moore', 24, 60000, 'Maintenance', 2),
(36, '1980-07-10', 'Sophia', 'Davis', 32, 40000, 'Receptionist', 3),
(37, '1962-03-22', 'Emily', 'Martin', 41, 90000, 'Trainer', 2),
(38, '1963-01-03', 'John', 'Moore', 42, 80000, 'Class Instructor', 3),
(39, '1989-01-20', 'Alex', 'Martin', 27, 40000, 'Receptionist', 1),
(40, '1980-02-10', 'Daniel', 'Rodriguez', 35, 50000, 'Cleaner', 2),
(41, '1987-10-06', 'Chris', 'Brown', 30, 90000, 'Trainer', 3),
(42, '1973-11-27', 'Sophia', 'Moore', 42, 40000, 'Receptionist', 2),
(43, '1971-01-02', 'Linda', 'Wilson', 47, 100000, 'Manager', 3),
(44, '1996-04-13', 'Michael', 'Smith', 18, 50000, 'Cleaner', 1),
(45, '1986-08-24', 'Linda', 'Hernandez', 34, 90000, 'Trainer', 1),
(46, '1975-08-28', 'Laura', 'Anderson', 49, 100000, 'Manager', 1),
(47, '1993-03-14', 'Chris', 'Martinez', 32, 50000, 'Cleaner', 2),
(48, '1966-06-19', 'Thomas', 'Jones', 17, 40000, 'Receptionist', 2),
(49, '1961-05-01', 'Isabella', 'Gonzalez', 46, 50000, 'Cleaner', 2),
(50, '1960-09-25', 'John', 'Rodriguez', 18, 90000, 'Trainer', 2),
(51, '1961-06-13', 'Daniel', 'Smith', 29, 40000, 'Receptionist', 3),
(52, '1998-05-06', 'David', 'Gonzalez', 18, 50000, 'Cleaner', 2),
(53, '1980-09-03', 'Sophia', 'Brown', 36, 90000, 'Trainer', 1),
(54, '1981-01-17', 'Maria', 'Martin', 41, 50000, 'Cleaner', 1),
(55, '1982-03-21', 'Chris', 'Gonzalez', 16, 40000, 'Receptionist', 1),
(56, '1991-04-20', 'Linda', 'Garcia', 35, 100000, 'Manager', 2),
(57, '2003-11-05', 'Michael', 'Martin', 25, 100000, 'Manager', 2),
(58, '1970-10-23', 'Robert', 'Williams', 44, 40000, 'Receptionist', 2),
(59, '2001-03-18', 'Joseph', 'Miller', 17, 90000, 'Trainer', 3),
(60, '1990-09-25', 'Chris', 'Garcia', 40, 60000, 'Maintenance', 1),
(61, '1997-08-27', 'Chris', 'Brown', 42, 100000, 'Manager', 1),
(62, '2000-11-26', 'Sara', 'Gonzalez', 32, 50000, 'Cleaner', 3),
(63, '1998-05-10', 'Joseph', 'Rodriguez', 45, 90000, 'Trainer', 1),
(64, '1999-06-19', 'Chris', 'Miller', 15, 60000, 'Maintenance', 3),
(65, '1963-09-14', 'Thomas', 'Miller', 31, 60000, 'Maintenance', 2),
(66, '1965-02-08', 'Michael', 'Smith', 17, 90000, 'Trainer', 2),
(67, '1997-09-13', 'David', 'Hernandez', 17, 40000, 'Receptionist', 2),
(68, '1973-12-02', 'Olivia', 'Miller', 24, 50000, 'Cleaner', 2),
(69, '1981-04-28', 'Olivia', 'Davis', 43, 80000, 'Class Instructor', 3),
(70, '1994-10-06', 'John', 'Moore', 48, 60000, 'Maintenance', 2),
(71, '1985-10-12', 'Daniel', 'Johnson', 19, 90000, 'Trainer', 3),
(72, '1996-06-22', 'David', 'Rodriguez', 34, 40000, 'Receptionist', 2),
(73, '1964-02-19', 'Maria', 'Taylor', 15, 80000, 'Class Instructor', 2),
(74, '1981-08-22', 'Emma', 'Smith', 29, 60000, 'Maintenance', 2),
(75, '1967-01-25', 'David', 'Moore', 49, 90000, 'Trainer', 3),
(76, '1978-05-24', 'Alex', 'Davis', 35, 40000, 'Receptionist', 2),
(77, '1994-08-14', 'Alex', 'Smith', 42, 90000, 'Trainer', 2),
(78, '1980-04-07', 'John', 'Anderson', 40, 80000, 'Class Instructor', 2),
(79, '1990-02-07', 'Emily', 'Garcia', 29, 40000, 'Receptionist', 3),
(80, '1976-10-17', 'Daniel', 'Davis', 17, 60000, 'Maintenance', 3),
(81, '1985-07-25', 'John', 'Thomas', 24, 60000, 'Maintenance', 3),
(82, '1969-05-21', 'Jane', 'Moore', 48, 90000, 'Trainer', 3),
(83, '1996-06-02', 'Linda', 'Taylor', 36, 90000, 'Trainer', 3),
(84, '1971-03-06', 'Sophia', 'Smith', 23, 60000, 'Maintenance', 1),
(85, '1962-01-03', 'David', 'Jackson', 43, 40000, 'Receptionist', 1),
(86, '1984-03-23', 'Jane', 'Garcia', 33, 40000, 'Receptionist', 3),
(87, '1970-01-05', 'John', 'Martin', 41, 100000, 'Manager', 3),
(88, '2004-09-27', 'Joseph', 'Jackson', 37, 100000, 'Manager', 2),
(89, '1961-06-12', 'John', 'Hernandez', 15, 60000, 'Maintenance', 3),
(90, '2003-05-02', 'Linda', 'Wilson', 23, 50000, 'Cleaner', 2),
(91, '1972-08-08', 'Laura', 'Garcia', 43, 50000, 'Cleaner', 2),
(92, '1971-11-14', 'Thomas', 'Garcia', 22, 80000, 'Class Instructor', 1),
(93, '1967-11-08', 'Sophia', 'Thomas', 25, 40000, 'Receptionist', 1),
(94, '1981-02-17', 'David', 'Lopez', 24, 50000, 'Cleaner', 2),
(95, '1972-04-28', 'Laura', 'Brown', 37, 80000, 'Class Instructor', 3),
(96, '1973-04-06', 'David', 'Jones', 26, 50000, 'Cleaner', 3),
(97, '1982-01-21', 'Olivia', 'Brown', 27, 60000, 'Maintenance', 2),
(98, '1973-06-07', 'Isabella', 'Jones', 15, 60000, 'Maintenance', 2),
(99, '1964-09-22', 'Isabella', 'Gonzalez', 44, 50000, 'Cleaner', 3),
(100, '1973-04-24', 'Chris', 'Moore', 17, 50000, 'Cleaner', 2);




# Create members(member_ID, first_name, last_name, address, DOB, payment_plan)
CREATE TABLE members (
    member_ID INT PRIMARY KEY,
    first_name VARCHAR(255),
    last_name VARCHAR(255),
    address VARCHAR(255),
    DOB DATE,
    payment_plan VARCHAR(255)
);

# Populate members with 200 members
# Each member will either have the 'Basic $30/month', 'Priority $50/month', or the 'Premium $70/month' as their monthly plan
# Since there are 200 members for the sake of time they all share the same street name but with different house numbers
INSERT INTO members (member_ID, first_name, last_name, address, DOB, payment_plan) VALUES
(1, 'Miguel', 'Martinez', '3629 Main St', '1968-07-14', 'Basic $30/month'),
(2, 'Fernando', 'Flores', '8659 Main St', '1951-03-16', 'Priority $50/month'),
(3, 'Fernando', 'Chavez', '8385 Main St', '1974-05-11', 'Premium $70/month'),
(4, 'Elena', 'Morales', '7411 Main St', '1992-02-22', 'Priority $50/month'),
(5, 'Fernando', 'Castillo', '3308 Main St', '1988-05-08', 'Priority $50/month'),
(6, 'Patricia', 'Castillo', '3997 Main St', '2005-11-09', 'Basic $30/month'),
(7, 'Ana', 'Torres', '4397 Main St', '1986-02-08', 'Basic $30/month'),
(8, 'Jorge', 'Garcia', '568 Main St', '1988-02-10', 'Priority $50/month'),
(9, 'Fernando', 'Chavez', '3746 Main St', '1974-01-12', 'Premium $70/month'),
(10, 'Manuel', 'Martinez', '5737 Main St', '1991-07-25', 'Priority $50/month'),
(11, 'Sofia', 'Ramos', '2758 Main St', '1975-10-26', 'Priority $50/month'),
(12, 'Luis', 'Morales', '3054 Main St', '1989-04-09', 'Priority $50/month'),
(13, 'Elena', 'Chavez', '5944 Main St', '1950-01-12', 'Premium $70/month'),
(14, 'Isabel', 'Ramos', '9683 Main St', '1983-03-13', 'Priority $50/month'),
(15, 'Jorge', 'Morales', '6500 Main St', '1976-09-28', 'Priority $50/month'),
(16, 'Elena', 'Morales', '9533 Main St', '1973-12-15', 'Premium $70/month'),
(17, 'Sofia', 'Perez', '1796 Main St', '1983-02-21', 'Premium $70/month'),
(18, 'Maria', 'Sanchez', '8908 Main St', '1954-11-01', 'Basic $30/month'),
(19, 'Manuel', 'Moreno', '4204 Main St', '1998-09-28', 'Basic $30/month'),
(20, 'Ana', 'Hernandez', '4332 Main St', '1998-04-11', 'Priority $50/month'),
(21, 'Sofia', 'Sanchez', '9381 Main St', '1968-03-11', 'Priority $50/month'),
(22, 'Sofia', 'Flores', '5340 Main St', '1956-01-02', 'Basic $30/month'),
(23, 'Pedro', 'Reyes', '7928 Main St', '1950-10-17', 'Basic $30/month'),
(24, 'Luis', 'Lopez', '3147 Main St', '1977-01-01', 'Premium $70/month'),
(25, 'Luz', 'Ramos', '297 Main St', '1959-08-14', 'Basic $30/month'),
(26, 'Miguel', 'Gonzalez', '5356 Main St', '1999-10-17', 'Basic $30/month'),
(27, 'Maria', 'Gonzalez', '8114 Main St', '2001-03-15', 'Priority $50/month'),
(28, 'Isabel', 'Ramos', '6141 Main St', '1996-01-21', 'Premium $70/month'),
(29, 'Carlos', 'Garcia', '2178 Main St', '1954-01-21', 'Basic $30/month'),
(30, 'Luz', 'Rodriguez', '1890 Main St', '1987-10-07', 'Basic $30/month'),
(31, 'Fernando', 'Rodriguez', '4238 Main St', '1981-12-12', 'Premium $70/month'),
(32, 'Maria', 'Lopez', '7911 Main St', '1985-11-27', 'Premium $70/month'),
(33, 'Sofia', 'Moreno', '9253 Main St', '1964-11-18', 'Premium $70/month'),
(34, 'Pedro', 'Reyes', '9095 Main St', '1991-10-30', 'Basic $30/month'),
(35, 'Isabel', 'Martinez', '3488 Main St', '1988-06-14', 'Basic $30/month'),
(36, 'Jose', 'Ramirez', '9670 Main St', '1996-12-25', 'Basic $30/month'),
(37, 'Carlos', 'Chavez', '5786 Main St', '1973-03-11', 'Priority $50/month'),
(38, 'Pedro', 'Garcia', '7268 Main St', '1957-01-18', 'Priority $50/month'),
(39, 'Isabel', 'Flores', '5267 Main St', '1954-12-12', 'Premium $70/month'),
(40, 'Carmen', 'Gonzalez', '819 Main St', '1953-06-20', 'Priority $50/month'),
(41, 'Sofia', 'Torres', '9787 Main St', '1999-08-05', 'Basic $30/month'),
(42, 'Ana', 'Garcia', '694 Main St', '1960-04-23', 'Priority $50/month'),
(43, 'Lucia', 'Moreno', '5368 Main St', '1975-02-07', 'Basic $30/month'),
(44, 'Miguel', 'Moreno', '1683 Main St', '1984-05-29', 'Premium $70/month'),
(45, 'Luis', 'Gutierrez', '1675 Main St', '1977-02-18', 'Priority $50/month'),
(46, 'Fernando', 'Torres', '4874 Main St', '1990-10-07', 'Priority $50/month'),
(47, 'Pedro', 'Reyes', '7232 Main St', '1988-02-14', 'Premium $70/month'),
(48, 'Carlos', 'Hernandez', '4250 Main St', '2004-05-02', 'Premium $70/month'),
(49, 'Ana', 'Morales', '3962 Main St', '1964-09-22', 'Priority $50/month'),
(50, 'Lucia', 'Martinez', '9910 Main St', '1952-04-08', 'Premium $70/month'),
(51, 'Sofia', 'Gonzalez', '5497 Main St', '1984-11-30', 'Premium $70/month'),
(52, 'Ana', 'Ortiz', '6128 Main St', '1979-05-11', 'Priority $50/month'),
(53, 'Isabel', 'Torres', '5502 Main St', '1997-01-15', 'Priority $50/month'),
(54, 'Luis', 'Perez', '2991 Main St', '2000-04-30', 'Basic $30/month'),
(55, 'Patricia', 'Ramirez', '337 Main St', '2005-01-31', 'Basic $30/month'),
(56, 'Teresa', 'Martinez', '4192 Main St', '1985-04-22', 'Basic $30/month'),
(57, 'Fernando', 'Gonzalez', '2674 Main St', '1990-11-22', 'Premium $70/month'),
(58, 'Ana', 'Ramirez', '5422 Main St', '2005-09-10', 'Premium $70/month'),
(59, 'Maria', 'Ramos', '5545 Main St', '1958-06-20', 'Priority $50/month'),
(60, 'Roberto', 'Morales', '7923 Main St', '1954-03-27', 'Basic $30/month'),
(61, 'Teresa', 'Ortiz', '3855 Main St', '1959-06-03', 'Basic $30/month'),
(62, 'Luis', 'Chavez', '590 Main St', '1968-06-17', 'Premium $70/month'),
(63, 'Juan', 'Lopez', '9195 Main St', '1957-04-25', 'Basic $30/month'),
(64, 'Juan', 'Chavez', '4154 Main St', '1975-03-05', 'Basic $30/month'),
(65, 'Manuel', 'Chavez', '252 Main St', '1951-09-30', 'Basic $30/month'),
(66, 'Sofia', 'Hernandez', '7098 Main St', '1951-11-02', 'Basic $30/month'),
(67, 'Patricia', 'Ramirez', '2760 Main St', '1956-06-06', 'Priority $50/month'),
(68, 'Patricia', 'Martinez', '5140 Main St', '1950-03-03', 'Basic $30/month'),
(69, 'Pedro', 'Castillo', '4079 Main St', '1964-04-18', 'Priority $50/month'),
(70, 'Lucia', 'Sanchez', '598 Main St', '1968-07-26', 'Priority $50/month'),
(71, 'Luis', 'Rodriguez', '522 Main St', '2005-09-20', 'Basic $30/month'),
(72, 'Juan', 'Rodriguez', '6831 Main St', '1979-06-18', 'Priority $50/month'),
(73, 'Fernando', 'Gutierrez', '6300 Main St', '1950-01-22', 'Premium $70/month'),
(74, 'Carmen', 'Ramirez', '3515 Main St', '1957-12-03', 'Priority $50/month'),
(75, 'Fernando', 'Garcia', '1738 Main St', '1964-04-22', 'Premium $70/month'),
(76, 'Jose', 'Lopez', '2310 Main St', '1997-01-20', 'Priority $50/month'),
(77, 'Carlos', 'Sanchez', '297 Main St', '1953-02-09', 'Priority $50/month'),
(78, 'Sofia', 'Reyes', '3572 Main St', '1971-08-25', 'Basic $30/month'),
(79, 'Patricia', 'Sanchez', '5289 Main St', '1957-01-16', 'Premium $70/month'),
(80, 'Carmen', 'Hernandez', '8625 Main St', '1991-09-11', 'Basic $30/month'),
(81, 'Maria', 'Morales', '6202 Main St', '1983-10-30', 'Basic $30/month'),
(82, 'Elena', 'Hernandez', '3391 Main St', '1950-02-19', 'Premium $70/month'),
(83, 'Carlos', 'Garcia', '1404 Main St', '2001-11-02', 'Priority $50/month'),
(84, 'Pedro', 'Sanchez', '1988 Main St', '1995-03-23', 'Basic $30/month'),
(85, 'Luz', 'Torres', '1346 Main St', '1997-11-29', 'Premium $70/month'),
(86, 'Ana', 'Moreno', '5609 Main St', '1981-01-30', 'Basic $30/month'),
(87, 'Luz', 'Flores', '8240 Main St', '1998-11-29', 'Premium $70/month'),
(88, 'Pedro', 'Garcia', '8481 Main St', '1994-12-05', 'Premium $70/month'),
(89, 'Juan', 'Gutierrez', '1504 Main St', '1961-06-20', 'Priority $50/month'),
(90, 'Luis', 'Gutierrez', '7552 Main St', '1952-09-27', 'Priority $50/month'),
(91, 'Maria', 'Reyes', '7644 Main St', '1978-08-28', 'Priority $50/month'),
(92, 'Manuel', 'Rodriguez', '3079 Main St', '1974-07-10', 'Basic $30/month'),
(93, 'Patricia', 'Castillo', '6267 Main St', '1961-07-21', 'Premium $70/month'),
(94, 'Isabel', 'Martinez', '7255 Main St', '2000-04-21', 'Priority $50/month'),
(95, 'Lucia', 'Lopez', '3232 Main St', '1996-08-10', 'Basic $30/month'),
(96, 'Jose', 'Hernandez', '3211 Main St', '1973-12-17', 'Priority $50/month'),
(97, 'Luz', 'Gutierrez', '6888 Main St', '1978-08-13', 'Basic $30/month'),
(98, 'Carmen', 'Martinez', '2727 Main St', '1988-03-23', 'Basic $30/month'),
(99, 'Pedro', 'Hernandez', '4842 Main St', '1991-12-03', 'Basic $30/month'),
(100, 'Luis', 'Castillo', '7507 Main St', '1976-06-10', 'Basic $30/month'),
(101, 'Miguel', 'Rodriguez', '1469 Main St', '1957-06-29', 'Premium $70/month'),
(102, 'Juan', 'Garcia', '6826 Main St', '1952-09-25', 'Premium $70/month'),
(103, 'Patricia', 'Ramos', '3203 Main St', '1968-12-26', 'Basic $30/month'),
(104, 'Miguel', 'Perez', '2664 Main St', '1991-02-19', 'Premium $70/month'),
(105, 'Lucia', 'Morales', '9798 Main St', '1966-09-02', 'Priority $50/month'),
(106, 'Maria', 'Morales', '1875 Main St', '1997-02-20', 'Premium $70/month'),
(107, 'Miguel', 'Gutierrez', '8429 Main St', '1990-04-04', 'Basic $30/month'),
(108, 'Miguel', 'Hernandez', '2122 Main St', '1996-03-01', 'Basic $30/month'),
(109, 'Fernando', 'Moreno', '4716 Main St', '1966-05-02', 'Priority $50/month'),
(110, 'Elena', 'Ramos', '287 Main St', '1965-02-15', 'Premium $70/month'),
(111, 'Jorge', 'Garcia', '8690 Main St', '1960-02-09', 'Premium $70/month'),
(112, 'Manuel', 'Lopez', '2743 Main St', '1979-05-10', 'Premium $70/month'),
(113, 'Luis', 'Morales', '6734 Main St', '1988-08-08', 'Priority $50/month'),
(114, 'Patricia', 'Lopez', '8150 Main St', '2000-08-01', 'Basic $30/month'),
(115, 'Jorge', 'Perez', '315 Main St', '1978-05-15', 'Basic $30/month'),
(116, 'Sofia', 'Ramirez', '1692 Main St', '1987-02-26', 'Premium $70/month'),
(117, 'Juan', 'Flores', '9756 Main St', '2004-02-14', 'Premium $70/month'),
(118, 'Ana', 'Torres', '2618 Main St', '1995-02-22', 'Priority $50/month'),
(119, 'Maria', 'Ortiz', '5257 Main St', '1950-11-12', 'Priority $50/month'),
(120, 'Patricia', 'Ramirez', '5087 Main St', '1979-03-18', 'Priority $50/month'),
(121, 'Jose', 'Lopez', '854 Main St', '1978-03-26', 'Priority $50/month'),
(122, 'Miguel', 'Reyes', '815 Main St', '1980-04-14', 'Basic $30/month'),
(123, 'Sofia', 'Torres', '7473 Main St', '1958-05-09', 'Basic $30/month'),
(124, 'Luis', 'Moreno', '4633 Main St', '1955-01-03', 'Priority $50/month'),
(125, 'Sofia', 'Lopez', '1614 Main St', '1987-04-26', 'Priority $50/month'),
(126, 'Carmen', 'Lopez', '7670 Main St', '1961-06-24', 'Premium $70/month'),
(127, 'Pedro', 'Cruz', '8131 Main St', '1971-04-16', 'Basic $30/month'),
(128, 'Carmen', 'Ramos', '3399 Main St', '1965-08-13', 'Basic $30/month'),
(129, 'Juan', 'Ortiz', '2739 Main St', '1994-02-01', 'Premium $70/month'),
(130, 'Jose', 'Garcia', '7152 Main St', '1961-05-08', 'Premium $70/month'),
(131, 'Roberto', 'Castillo', '6467 Main St', '1984-11-27', 'Basic $30/month'),
(132, 'Roberto', 'Castillo', '8379 Main St', '1984-03-24', 'Priority $50/month'),
(133, 'Luis', 'Garcia', '7490 Main St', '1956-10-06', 'Premium $70/month'),
(134, 'Roberto', 'Rodriguez', '8230 Main St', '1956-11-14', 'Premium $70/month'),
(135, 'Carmen', 'Perez', '2535 Main St', '1957-04-27', 'Basic $30/month'),
(136, 'Teresa', 'Lopez', '4773 Main St', '1990-05-09', 'Premium $70/month'),
(137, 'Miguel', 'Hernandez', '7447 Main St', '1980-06-16', 'Premium $70/month'),
(138, 'Lucia', 'Moreno', '3488 Main St', '1953-12-07', 'Premium $70/month'),
(139, 'Roberto', 'Ramos', '3786 Main St', '1982-01-15', 'Priority $50/month'),
(140, 'Elena', 'Hernandez', '1377 Main St', '1996-08-13', 'Premium $70/month'),
(141, 'Roberto', 'Cruz', '609 Main St', '1983-10-23', 'Premium $70/month'),
(142, 'Jorge', 'Morales', '4826 Main St', '1975-01-03', 'Basic $30/month'),
(143, 'Isabel', 'Ramos', '3697 Main St', '1955-05-31', 'Basic $30/month'),
(144, 'Roberto', 'Chavez', '7233 Main St', '1967-04-27', 'Basic $30/month'),
(145, 'Ana', 'Reyes', '1148 Main St', '1981-01-27', 'Premium $70/month'),
(146, 'Sofia', 'Hernandez', '5255 Main St', '1961-01-19', 'Premium $70/month'),
(147, 'Pedro', 'Hernandez', '5513 Main St', '1955-07-21', 'Priority $50/month'),
(148, 'Isabel', 'Garcia', '3652 Main St', '1961-10-10', 'Basic $30/month'),
(149, 'Carmen', 'Ramos', '553 Main St', '1966-12-28', 'Basic $30/month'),
(150, 'Carmen', 'Lopez', '2666 Main St', '1968-12-17', 'Priority $50/month'),
(151, 'Miguel', 'Castillo', '1184 Main St', '2002-01-12', 'Premium $70/month'),
(152, 'Jorge', 'Sanchez', '2145 Main St', '1999-12-06', 'Premium $70/month'),
(153, 'Patricia', 'Reyes', '4854 Main St', '1990-04-19', 'Premium $70/month'),
(154, 'Lucia', 'Morales', '7799 Main St', '2003-06-30', 'Basic $30/month'),
(155, 'Luz', 'Lopez', '6911 Main St', '1956-05-07', 'Basic $30/month'),
(156, 'Isabel', 'Reyes', '9801 Main St', '1990-01-14', 'Premium $70/month'),
(157, 'Teresa', 'Sanchez', '5556 Main St', '1959-07-17', 'Priority $50/month'),
(158, 'Jose', 'Chavez', '7063 Main St', '1952-08-11', 'Premium $70/month'),
(159, 'Isabel', 'Gonzalez', '2109 Main St', '1974-10-13', 'Priority $50/month'),
(160, 'Ana', 'Castillo', '3044 Main St', '2000-11-29', 'Premium $70/month'),
(161, 'Patricia', 'Hernandez', '9862 Main St', '1990-02-09', 'Premium $70/month'),
(162, 'Sofia', 'Flores', '6105 Main St', '1958-12-04', 'Priority $50/month'),
(163, 'Luz', 'Sanchez', '6035 Main St', '2000-06-20', 'Premium $70/month'),
(164, 'Ana', 'Lopez', '1326 Main St', '1966-10-01', 'Basic $30/month'),
(165, 'Isabel', 'Hernandez', '7595 Main St', '1957-11-26', 'Priority $50/month'),
(166, 'Pedro', 'Castillo', '2198 Main St', '2005-01-26', 'Basic $30/month'),
(167, 'Luis', 'Chavez', '8407 Main St', '1962-10-03', 'Basic $30/month'),
(168, 'Carlos', 'Gonzalez', '3600 Main St', '1966-02-09', 'Premium $70/month'),
(169, 'Fernando', 'Moreno', '1791 Main St', '1996-08-31', 'Basic $30/month'),
(170, 'Roberto', 'Gonzalez', '6445 Main St', '1969-12-18', 'Basic $30/month'),
(171, 'Lucia', 'Sanchez', '5503 Main St', '1990-01-09', 'Premium $70/month'),
(172, 'Luz', 'Garcia', '4202 Main St', '1958-09-30', 'Priority $50/month'),
(173, 'Jose', 'Torres', '6963 Main St', '1990-07-31', 'Basic $30/month'),
(174, 'Jorge', 'Ramirez', '6966 Main St', '1994-06-20', 'Premium $70/month'),
(175, 'Teresa', 'Martinez', '1380 Main St', '1984-06-15', 'Basic $30/month'),
(176, 'Fernando', 'Rodriguez', '7098 Main St', '1965-12-04', 'Premium $70/month'),
(177, 'Jorge', 'Reyes', '5030 Main St', '1978-12-23', 'Priority $50/month'),
(178, 'Pedro', 'Martinez', '4194 Main St', '1984-09-19', 'Priority $50/month'),
(179, 'Pedro', 'Ramos', '5803 Main St', '1966-10-21', 'Premium $70/month'),
(180, 'Carmen', 'Ramos', '6071 Main St', '1975-02-10', 'Priority $50/month'),
(181, 'Carmen', 'Cruz', '6419 Main St', '1973-08-17', 'Priority $50/month'),
(182, 'Juan', 'Reyes', '5921 Main St', '1951-09-17', 'Priority $50/month'),
(183, 'Ana', 'Hernandez', '943 Main St', '2003-02-06', 'Priority $50/month'),
(184, 'Ana', 'Lopez', '9530 Main St', '1993-03-19', 'Premium $70/month'),
(185, 'Luz', 'Lopez', '9160 Main St', '1974-10-03', 'Priority $50/month'),
(186, 'Manuel', 'Morales', '2536 Main St', '2003-04-19', 'Premium $70/month'),
(187, 'Juan', 'Flores', '8436 Main St', '1972-06-16', 'Premium $70/month'),
(188, 'Teresa', 'Hernandez', '3201 Main St', '1983-05-22', 'Priority $50/month'),
(189, 'Ana', 'Morales', '715 Main St', '1966-10-06', 'Premium $70/month'),
(190, 'Sofia', 'Torres', '319 Main St', '1968-03-19', 'Basic $30/month'),
(191, 'Lucia', 'Gonzalez', '7639 Main St', '1994-08-04', 'Basic $30/month'),
(192, 'Isabel', 'Castillo', '498 Main St', '1992-04-13', 'Premium $70/month'),
(193, 'Juan', 'Sanchez', '8650 Main St', '1972-05-01', 'Basic $30/month'),
(194, 'Elena', 'Ramirez', '6173 Main St', '1990-03-03', 'Basic $30/month'),
(195, 'Fernando', 'Ramos', '4219 Main St', '1987-09-01', 'Priority $50/month'),
(196, 'Luis', 'Morales', '3720 Main St', '1966-05-04', 'Premium $70/month'),
(197, 'Ana', 'Garcia', '5130 Main St', '1965-12-22', 'Priority $50/month'),
(198, 'Roberto', 'Moreno', '288 Main St', '1985-10-03', 'Basic $30/month'),
(199, 'Teresa', 'Ramirez', '4805 Main St', '1957-12-24', 'Premium $70/month'),
(200, 'Isabel', 'Perez', '649 Main St', '1960-03-01', 'Priority $50/month');




# Create sessions(session_ID, name, room_num, start_time, end_time)
CREATE TABLE sessions (
    session_ID INT PRIMARY KEY,
    name VARCHAR(255),
    day VARCHAR(255),
    start_time INT,
    end_time INT,
    Employee_ID INT,
    gym_ID INT,
    FOREIGN KEY (Employee_ID) REFERENCES employees(Employee_ID),
    FOREIGN KEY (gym_ID) REFERENCES gym(gym_ID)
);

# Populate sessions table
# For each gym their should be 3 different sessions per day
# A total of 63 sessions
# Each session is an hour long
# Each employee should be a class instructor
# The sessions include things like yoga, zumba, salsa, bachata, calisthenics, meditating, etc.
INSERT INTO sessions (session_ID, name, day, start_time, end_time, Employee_ID, gym_ID) VALUES
(1, 'Bachata', 'Monday', 20, 21, 92, 1),
(2, 'Calisthenics', 'Monday', 14, 15, 38, 1),
(3, 'Meditating', 'Monday', 14, 15, 73, 1),
(4, 'Zumba', 'Monday', 8, 9, 73, 2),
(5, 'Zumba', 'Monday', 12, 13, 5, 2),
(6, 'HIIT(High Intensity Interval Training)', 'Monday', 14, 15, 10, 2),
(7, 'Pilates', 'Monday', 18, 19, 69, 3),
(8, 'Bachata', 'Monday', 8, 9, 92, 3),
(9, 'Group Cycling', 'Monday', 9, 10, 95, 3),
(10, 'Zumba', 'Tuesday', 20, 21, 10, 1),
(11, 'Group Cycling', 'Tuesday', 15, 16, 10, 1),
(12, 'Zumba', 'Tuesday', 8, 9, 5, 1),
(13, 'Meditating', 'Tuesday', 8, 9, 26, 2),
(14, 'Calisthenics', 'Tuesday', 19, 20, 78, 2),
(15, 'Salsa', 'Tuesday', 13, 14, 69, 2),
(16, 'Bachata', 'Tuesday', 15, 16, 38, 3),
(17, 'Meditating', 'Tuesday', 9, 10, 5, 3),
(18, 'Pilates', 'Tuesday', 10, 11, 10, 3),
(19, 'Salsa', 'Wednesday', 12, 13, 78, 1),
(20, 'Group Cycling', 'Wednesday', 18, 19, 92, 1),
(21, 'Salsa', 'Wednesday', 15, 16, 26, 1),
(22, 'Calisthenics', 'Wednesday', 18, 19, 95, 2),
(23, 'Zumba', 'Wednesday', 19, 20, 92, 2),
(24, 'Merengue', 'Wednesday', 19, 20, 73, 2),
(25, 'Group Cycling', 'Wednesday', 10, 11, 78, 3),
(26, 'Zumba', 'Wednesday', 16, 17, 38, 3),
(27, 'Calisthenics', 'Wednesday', 9, 10, 10, 3),
(28, 'Zumba', 'Thursday', 9, 10, 73, 1),
(29, 'Pilates', 'Thursday', 14, 15, 26, 1),
(30, 'Merengue', 'Thursday', 18, 19, 95, 1),
(31, 'Group Cycling', 'Thursday', 13, 14, 10, 2),
(32, 'Merengue', 'Thursday', 14, 15, 26, 2),
(33, 'Zumba', 'Thursday', 20, 21, 10, 2),
(34, 'Salsa', 'Thursday', 14, 15, 78, 3),
(35, 'Yoga', 'Thursday', 11, 12, 38, 3),
(36, 'Yoga', 'Thursday', 14, 15, 78, 3),
(37, 'Pilates', 'Friday', 19, 20, 73, 1),
(38, 'Yoga', 'Friday', 13, 14, 26, 1),
(39, 'Meditating', 'Friday', 16, 17, 73, 1),
(40, 'Group Cycling', 'Friday', 19, 20, 73, 2),
(41, 'Meditating', 'Friday', 17, 18, 69, 2),
(42, 'Salsa', 'Friday', 18, 19, 95, 2),
(43, 'Group Cycling', 'Friday', 10, 11, 92, 3),
(44, 'Calisthenics', 'Friday', 16, 17, 95, 3),
(45, 'Merengue', 'Friday', 18, 19, 38, 3),
(46, 'Salsa', 'Saturday', 19, 20, 92, 1),
(47, 'Yoga', 'Saturday', 13, 14, 10, 1),
(48, 'Group Cycling', 'Saturday', 11, 12, 38, 1),
(49, 'Salsa', 'Saturday', 16, 17, 5, 2),
(50, 'HIIT(High Intensity Interval Training)', 'Saturday', 18, 19, 5, 2),
(51, 'Meditating', 'Saturday', 8, 9, 10, 2),
(52, 'Group Cycling', 'Saturday', 19, 20, 92, 3),
(53, 'HIIT(High Intensity Interval Training)', 'Saturday', 13, 14, 73, 3),
(54, 'Meditating', 'Saturday', 9, 10, 95, 3),
(55, 'Group Cycling', 'Sunday', 18, 19, 95, 1),
(56, 'Meditating', 'Sunday', 8, 9, 10, 1),
(57, 'Calisthenics', 'Sunday', 14, 15, 38, 1),
(58, 'Salsa', 'Sunday', 20, 21, 69, 2),
(59, 'Salsa', 'Sunday', 12, 13, 69, 2),
(60, 'Pilates', 'Sunday', 18, 19, 5, 2),
(61, 'Yoga', 'Sunday', 14, 15, 73, 3),
(62, 'Zumba', 'Sunday', 16, 17, 38, 3),
(63, 'Bachata', 'Sunday', 12, 13, 10, 3);




# Create supplier(supplier_ID, name)
CREATE TABLE supplier (
    supplier_ID INT PRIMARY KEY,
    name VARCHAR(255)
);

# Populate supplier with 25 suppliers
INSERT INTO supplier (supplier_ID, name) VALUES
(1, 'ABC Supplies'),
(2, 'XYZ Products'),
(3, 'Standard Equipments'),
(4, 'Quality Goods Inc.'),
(5, 'Efficient Supply Co.'),
(6, 'Pro Suppliers'),
(7, 'Elite Gear'),
(8, 'Trusty Tools'),
(9, 'Supply Chain Solutions'),
(10, 'Resource Warehouse'),
(11, 'Supply Central'),
(12, 'Equipment Experts'),
(13, 'Global Goods'),
(14, 'NextGen Suppliers'),
(15, 'Pinnacle Parts'),
(16, 'Supply Spectrum'),
(17, 'Premier Products'),
(18, 'Apex Supplies'),
(19, 'Optimal Outfitters'),
(20, 'Prime Industrial Supply'),
(21, 'Metro Materials'),
(22, 'Supply Network'),
(23, 'Industrial Insights'),
(24, 'Supply Synergy'),
(25, 'Warehouse Wonders');


# Create equipment(equipment_name, equipment_type, num_equipment)
# Added supplier id as foreign key to known which supplier supplied the equipment
# Added gym id as foreign key to know how many of the equipment is in which gym
CREATE TABLE equipment (
    equipment_name VARCHAR(255),
    equipment_type VARCHAR(255),
    num_equipment INT,
    supplier_id INT,
    gym_id INT,
    FOREIGN KEY (supplier_id) REFERENCES supplier(supplier_ID),
    FOREIGN KEY (gym_id) REFERENCES gym(gym_ID)
);

# Populate equipment
# Each equipment falls under an equipment type thats either cardio, strength, aerobic, or free weight 
# An equipment can be in more than one gym
INSERT INTO equipment (equipment_name, equipment_type, num_equipment, supplier_id, gym_id) VALUES 
('Balance Board', 'Aerobic', 8, 5, 2),
('Spin Bike', 'Cardio', 4, 4, 1),
('Sledgehammer', 'Strength', 17, 12, 1),
('Wrist Weights', 'Free Weight', 14, 2, 1),
('Pull-Up Bar', 'Strength', 18, 9, 3),
('Adjustable Dumbbells', 'Free Weight', 20, 23, 3),
('Spin Bike', 'Cardio', 10, 23, 3),
('Jump Rope', 'Aerobic', 13, 9, 1),
('Balance Board', 'Aerobic', 16, 10, 3),
('Yoga Mat', 'Aerobic', 12, 16, 1),
('Roman Chair', 'Strength', 19, 12, 2),
('Weighted Vest', 'Free Weight', 7, 2, 1),
('Olympic Barbell', 'Free Weight', 12, 1, 1),
('Foam Roller', 'Aerobic', 1, 6, 2),
('Rowing Machine', 'Cardio', 2, 23, 1),
('Agility Cones', 'Aerobic', 16, 21, 3),
('Stair Climber', 'Cardio', 20, 18, 3),
('Recumbent Bike', 'Cardio', 5, 4, 3),
('Squat Pad', 'Strength', 13, 5, 3),
('Vibration Platform', 'Cardio', 17, 1, 3),
('Glute Ham Developer', 'Free Weight', 9, 9, 3),
('Spinlock Dumbbells', 'Free Weight', 12, 14, 3),
('Stability Ball', 'Free Weight', 2, 15, 3),
('Exercise Bike', 'Cardio', 3, 20, 2),
('Olympic Barbell', 'Free Weight', 19, 4, 3),
('Foam Roller', 'Aerobic', 15, 23, 1),
('Bosu Ball', 'Aerobic', 9, 5, 3),
('Adjustable Bench', 'Free Weight', 3, 22, 3),
('Stability Ball', 'Free Weight', 19, 19, 2),
('Gymnastics Rings', 'Strength', 16, 24, 1),
('Rowing Machine', 'Cardio', 11, 1, 2),
('Elliptical Trainer', 'Cardio', 2, 12, 2),
('Elliptical Trainer', 'Cardio', 20, 18, 1),
('Yoga Mat', 'Aerobic', 16, 5, 3),
('Sandbag', 'Free Weight', 9, 20, 2),
('Glute Ham Developer', 'Free Weight', 6, 13, 1),
('Adjustable Dumbbells', 'Free Weight', 9, 16, 1),
('Elliptical Trainer', 'Cardio', 8, 20, 3),
('Treadmill', 'Cardio', 13, 1, 3),
('Exercise Bike', 'Cardio', 3, 5, 3),
('Yoga Mat', 'Aerobic', 7, 9, 2),
('Dumbbells', 'Free Weight', 9, 6, 1),
('Incline Bench Press', 'Strength', 12, 23, 3),
('Battle Ropes', 'Aerobic', 7, 21, 2),
('Spinlock Dumbbells', 'Free Weight', 16, 6, 1),
('Cable Bar Attachments', 'Strength', 13, 12, 2),
('Functional Trainer', 'Strength', 12, 11, 2),
('Rowing Machine', 'Cardio', 20, 13, 3),
('Barbell Rack', 'Strength', 8, 1, 3),
('Tricep Bar', 'Strength', 8, 24, 3),
('Exercise Bike', 'Cardio', 12, 19, 1),
('Jump Rope', 'Aerobic', 10, 4, 2),
('Multi-Gym', 'Strength', 19, 21, 2),
('Treadmill', 'Cardio', 8, 4, 1),
('Recumbent Bike', 'Cardio', 16, 13, 1),
('Decline Bench', 'Strength', 13, 9, 1),
('Wrist Weights', 'Free Weight', 7, 1, 3),
('Spin Bike', 'Cardio', 18, 6, 2),
('Recumbent Bike', 'Cardio', 15, 13, 2),
('Foam Roller', 'Aerobic', 12, 16, 3),
('Battle Ropes', 'Aerobic', 2, 4, 1),
('Treadmill', 'Cardio', 3, 8, 2),
('Seated Row Machine', 'Strength', 20, 13, 2),
('Vibration Platform', 'Cardio', 12, 16, 1),
('Bosu Ball', 'Aerobic', 16, 9, 2),
('Speed Ladder', 'Aerobic', 1, 14, 3),
('Stair Climber', 'Cardio', 19, 1, 2),
('Stair Climber', 'Cardio', 11, 18, 1),
('Parallettes', 'Strength', 1, 13, 3),
('Aerobic Step', 'Aerobic', 2, 19, 1),
('Preacher Curl Bench', 'Strength', 8, 21, 2),
('Power Rack', 'Strength', 12, 3, 2),
('Chest Press Machine', 'Strength', 4, 18, 3),
('Vibration Platform', 'Cardio', 10, 6, 2),
('Adjustable Bench', 'Free Weight', 8, 6, 1),
('Speed Ladder', 'Aerobic', 8, 1, 1),
('Aerobic Step', 'Aerobic', 20, 20, 2),
('Aerobic Step', 'Aerobic', 16, 21, 3),
('Arm Blaster', 'Strength', 17, 8, 3),
('Ankle Weights', 'Free Weight', 5, 6, 3),
('Core Slider Discs', 'Strength', 17, 13, 3),
('Jump Rope', 'Aerobic', 14, 9, 3),
('Hack Squat Machine', 'Strength', 10, 9, 3),
('Agility Cones', 'Aerobic', 10, 17, 2),
('Ab Roller', 'Aerobic', 15, 11, 1),
('Weighted Vest', 'Free Weight', 14, 19, 3),
('Bosu Ball', 'Aerobic', 16, 24, 1),
('Speed Ladder', 'Aerobic', 20, 20, 2),
('Slide Board', 'Strength', 11, 16, 1),
('Bumper Plates', 'Free Weight', 20, 2, 3),
('Aqua Bag', 'Free Weight', 1, 10, 3),
('Smith Machine', 'Strength', 11, 10, 3),
('Battle Ropes', 'Aerobic', 19, 6, 3),
('Kettlebells', 'Free Weight', 17, 17, 2),
('Agility Cones', 'Aerobic', 15, 6, 1),
('Ab Roller', 'Aerobic', 4, 21, 3),
('Suspension Trainer', 'Strength', 3, 3, 2),
('Medicine Ball', 'Free Weight', 14, 12, 2),
('Sandbag', 'Free Weight', 19, 14, 3),
('Ab Roller', 'Aerobic', 5, 6, 2),
('Balance Board', 'Aerobic', 6, 3, 1),
('Ankle Weights', 'Free Weight', 2, 7, 2),
('Ankle Weights', 'Free Weight', 2, 6, 1),
('Functional Trainer', 'Strength', 10, 20, 1),
('Kettlebells', 'Free Weight', 9, 14, 3),
('Kettlebells', 'Free Weight', 6, 8, 1),
('Landmine Press Attachment', 'Strength', 18, 2, 3),
('Weight Bench', 'Free Weight', 5, 10, 2),
('Knee Sleeves', 'Strength', 18, 20, 2),
('Olympic Barbell', 'Free Weight', 11, 23, 2),
('Cable Pulley System', 'Strength', 20, 19, 3),
('Stability Ball', 'Free Weight', 5, 13, 1),
('Weight Bench', 'Free Weight', 16, 25, 1),
('Adjustable Dumbbells', 'Free Weight', 17, 20, 2),
('Wrist Weights', 'Free Weight', 20, 8, 2),
('Wrist Wraps', 'Strength', 14, 19, 3),
('Arm Blaster', 'Strength', 19, 5, 2),
('Pilates Reformer', 'Strength', 6, 14, 3),
('Aqua Bag', 'Free Weight', 19, 17, 2),
('Dumbbells', 'Free Weight', 5, 9, 3),
('Dip Station', 'Strength', 3, 5, 3),
('Tricep Bar', 'Strength', 14, 23, 2),
('Squat Rack', 'Strength', 1, 23, 1),
('Leg Curl Machine', 'Strength', 5, 8, 3),
('Roman Chair', 'Strength', 14, 14, 1),
('Adjustable Bench', 'Free Weight', 15, 21, 2),
('Spinlock Dumbbells', 'Free Weight', 15, 7, 2),
('Weight Bench', 'Free Weight', 20, 3, 3),
('Dumbbells', 'Free Weight', 10, 16, 2),
('Sandbag', 'Free Weight', 14, 14, 1),
('Calf Raise Machine', 'Strength', 15, 8, 1),
('Bumper Plates', 'Free Weight', 2, 12, 2),
('Medicine Ball', 'Free Weight', 3, 17, 3),
('Lat Pulldown Machine', 'Strength', 17, 16, 2),
('Leg Extension Machine', 'Strength', 5, 13, 3),
('EZ Curl Bar', 'Strength', 3, 19, 2),
('Cable Crossover Machine', 'Strength', 14, 10, 3),
('Suspension Trainer', 'Strength', 2, 8, 3),
('Seated Row Machine', 'Strength', 19, 25, 3),
('Weightlifting Platform', 'Strength', 6, 6, 3),
('Lat Pulldown Machine', 'Strength', 16, 22, 3),
('Weighted Vest', 'Free Weight', 19, 7, 2),
('Chest Press Machine', 'Strength', 5, 13, 2),
('Medicine Ball', 'Free Weight', 3, 10, 1),
('Chalk Ball', 'Strength', 6, 10, 1),
('Glute Ham Developer', 'Free Weight', 3, 19, 2),
('EZ Curl Bar', 'Strength', 5, 10, 1),
('Incline Bench Press', 'Strength', 13, 14, 2),
('Pullover Machine', 'Strength', 3, 21, 3),
('Tire Flip', 'Strength', 6, 5, 3);


# Create  payments(receipt_num, monthly_due_date, payment_received_date )
# Added member id as foreign key to represent which member the receipt belongs to 
CREATE TABLE payments (
    receipt_num INT PRIMARY KEY,
    monthly_due_date DATE,
    payment_received_date DATE,
    member_id INT,
    FOREIGN KEY (member_id) REFERENCES members(member_ID)
);

# Populate payments
# 12 month payments from each of the 200 members
# Monthly due date should have the same day for every month and for each member
INSERT INTO payments (receipt_num, monthly_due_date, payment_received_date, member_id) VALUES
(1, '2023-01-13', '2023-01-05', 1),
(2, '2023-02-13', '2023-02-09', 1),
(3, '2023-03-13', '2023-03-07', 1),
(4, '2023-04-13', '2023-04-08', 1),
(5, '2023-05-13', '2023-05-04', 1),
(6, '2023-06-13', '2023-06-06', 1),
(7, '2023-07-13', '2023-07-08', 1),
(8, '2023-08-13', '2023-08-11', 1),
(9, '2023-09-13', '2023-09-09', 1),
(10, '2023-10-13', '2023-10-04', 1),
(11, '2023-11-13', '2023-11-07', 1),
(12, '2023-12-13', '2023-12-02', 1),
(13, '2023-01-1', '2023-01-09', 2),
(14, '2023-02-1', '2023-02-10', 2),
(15, '2023-03-1', '2023-03-10', 2),
(16, '2023-04-1', '2023-04-10', 2),
(17, '2023-05-1', '2023-05-01', 2),
(18, '2023-06-1', '2023-06-11', 2),
(19, '2023-07-1', '2023-07-10', 2),
(20, '2023-08-1', '2023-08-11', 2),
(21, '2023-09-1', '2023-09-11', 2),
(22, '2023-10-1', '2023-10-04', 2),
(23, '2023-11-1', '2023-11-08', 2),
(24, '2023-12-1', '2023-12-07', 2),
(25, '2023-01-18', '2023-01-08', 3),
(26, '2023-02-18', '2023-02-04', 3),
(27, '2023-03-18', '2023-03-01', 3),
(28, '2023-04-18', '2023-04-11', 3),
(29, '2023-05-18', '2023-05-03', 3),
(30, '2023-06-18', '2023-06-04', 3),
(31, '2023-07-18', '2023-07-11', 3),
(32, '2023-08-18', '2023-08-03', 3),
(33, '2023-09-18', '2023-09-04', 3),
(34, '2023-10-18', '2023-10-08', 3),
(35, '2023-11-18', '2023-11-07', 3),
(36, '2023-12-18', '2023-12-04', 3),
(37, '2023-01-27', '2023-01-07', 4),
(38, '2023-02-27', '2023-02-06', 4),
(39, '2023-03-27', '2023-03-05', 4),
(40, '2023-04-27', '2023-04-03', 4),
(41, '2023-05-27', '2023-05-07', 4),
(42, '2023-06-27', '2023-06-02', 4),
(43, '2023-07-27', '2023-07-08', 4),
(44, '2023-08-27', '2023-08-09', 4),
(45, '2023-09-27', '2023-09-10', 4),
(46, '2023-10-27', '2023-10-07', 4),
(47, '2023-11-27', '2023-11-06', 4),
(48, '2023-12-27', '2023-12-08', 4),
(49, '2023-01-26', '2023-01-01', 5),
(50, '2023-02-26', '2023-02-05', 5),
(51, '2023-03-26', '2023-03-11', 5),
(52, '2023-04-26', '2023-04-01', 5),
(53, '2023-05-26', '2023-05-07', 5),
(54, '2023-06-26', '2023-06-01', 5),
(55, '2023-07-26', '2023-07-05', 5),
(56, '2023-08-26', '2023-08-05', 5),
(57, '2023-09-26', '2023-09-03', 5),
(58, '2023-10-26', '2023-10-01', 5),
(59, '2023-11-26', '2023-11-06', 5),
(60, '2023-12-26', '2023-12-02', 5),
(61, '2023-01-8', '2023-01-05', 6),
(62, '2023-02-8', '2023-02-09', 6),
(63, '2023-03-8', '2023-03-08', 6),
(64, '2023-04-8', '2023-04-04', 6),
(65, '2023-05-8', '2023-05-02', 6),
(66, '2023-06-8', '2023-06-03', 6),
(67, '2023-07-8', '2023-07-01', 6),
(68, '2023-08-8', '2023-08-02', 6),
(69, '2023-09-8', '2023-09-07', 6),
(70, '2023-10-8', '2023-10-10', 6),
(71, '2023-11-8', '2023-11-04', 6),
(72, '2023-12-8', '2023-12-09', 6),
(73, '2023-01-14', '2023-01-03', 7),
(74, '2023-02-14', '2023-02-05', 7),
(75, '2023-03-14', '2023-03-11', 7),
(76, '2023-04-14', '2023-04-03', 7),
(77, '2023-05-14', '2023-05-07', 7),
(78, '2023-06-14', '2023-06-02', 7),
(79, '2023-07-14', '2023-07-01', 7),
(80, '2023-08-14', '2023-08-02', 7),
(81, '2023-09-14', '2023-09-05', 7),
(82, '2023-10-14', '2023-10-01', 7),
(83, '2023-11-14', '2023-11-09', 7),
(84, '2023-12-14', '2023-12-05', 7),
(85, '2023-01-12', '2023-01-08', 8),
(86, '2023-02-12', '2023-02-03', 8),
(87, '2023-03-12', '2023-03-09', 8),
(88, '2023-04-12', '2023-04-08', 8),
(89, '2023-05-12', '2023-05-06', 8),
(90, '2023-06-12', '2023-06-08', 8),
(91, '2023-07-12', '2023-07-07', 8),
(92, '2023-08-12', '2023-08-06', 8),
(93, '2023-09-12', '2023-09-05', 8),
(94, '2023-10-12', '2023-10-10', 8),
(95, '2023-11-12', '2023-11-09', 8),
(96, '2023-12-12', '2023-12-09', 8),
(97, '2023-01-19', '2023-01-01', 9),
(98, '2023-02-19', '2023-02-11', 9),
(99, '2023-03-19', '2023-03-09', 9),
(100, '2023-04-19', '2023-04-04', 9),
(101, '2023-05-19', '2023-05-10', 9),
(102, '2023-06-19', '2023-06-02', 9),
(103, '2023-07-19', '2023-07-08', 9),
(104, '2023-08-19', '2023-08-06', 9),
(105, '2023-09-19', '2023-09-03', 9),
(106, '2023-10-19', '2023-10-08', 9),
(107, '2023-11-19', '2023-11-08', 9),
(108, '2023-12-19', '2023-12-04', 9),
(109, '2023-01-13', '2023-01-06', 10),
(110, '2023-02-13', '2023-02-01', 10),
(111, '2023-03-13', '2023-03-03', 10),
(112, '2023-04-13', '2023-04-06', 10),
(113, '2023-05-13', '2023-05-09', 10),
(114, '2023-06-13', '2023-06-11', 10),
(115, '2023-07-13', '2023-07-04', 10),
(116, '2023-08-13', '2023-08-11', 10),
(117, '2023-09-13', '2023-09-11', 10),
(118, '2023-10-13', '2023-10-09', 10),
(119, '2023-11-13', '2023-11-08', 10),
(120, '2023-12-13', '2023-12-01', 10),
(121, '2023-01-9', '2023-01-03', 11),
(122, '2023-02-9', '2023-02-05', 11),
(123, '2023-03-9', '2023-03-03', 11),
(124, '2023-04-9', '2023-04-01', 11),
(125, '2023-05-9', '2023-05-04', 11),
(126, '2023-06-9', '2023-06-09', 11),
(127, '2023-07-9', '2023-07-06', 11),
(128, '2023-08-9', '2023-08-11', 11),
(129, '2023-09-9', '2023-09-03', 11),
(130, '2023-10-9', '2023-10-01', 11),
(131, '2023-11-9', '2023-11-08', 11),
(132, '2023-12-9', '2023-12-05', 11),
(133, '2023-01-21', '2023-01-10', 12),
(134, '2023-02-21', '2023-02-02', 12),
(135, '2023-03-21', '2023-03-07', 12),
(136, '2023-04-21', '2023-04-02', 12),
(137, '2023-05-21', '2023-05-07', 12),
(138, '2023-06-21', '2023-06-05', 12),
(139, '2023-07-21', '2023-07-05', 12),
(140, '2023-08-21', '2023-08-04', 12),
(141, '2023-09-21', '2023-09-09', 12),
(142, '2023-10-21', '2023-10-10', 12),
(143, '2023-11-21', '2023-11-01', 12),
(144, '2023-12-21', '2023-12-03', 12),
(145, '2023-01-27', '2023-01-06', 13),
(146, '2023-02-27', '2023-02-05', 13),
(147, '2023-03-27', '2023-03-07', 13),
(148, '2023-04-27', '2023-04-06', 13),
(149, '2023-05-27', '2023-05-08', 13),
(150, '2023-06-27', '2023-06-11', 13),
(151, '2023-07-27', '2023-07-03', 13),
(152, '2023-08-27', '2023-08-03', 13),
(153, '2023-09-27', '2023-09-07', 13),
(154, '2023-10-27', '2023-10-09', 13),
(155, '2023-11-27', '2023-11-08', 13),
(156, '2023-12-27', '2023-12-04', 13),
(157, '2023-01-10', '2023-01-06', 14),
(158, '2023-02-10', '2023-02-11', 14),
(159, '2023-03-10', '2023-03-11', 14),
(160, '2023-04-10', '2023-04-07', 14),
(161, '2023-05-10', '2023-05-07', 14),
(162, '2023-06-10', '2023-06-03', 14),
(163, '2023-07-10', '2023-07-06', 14),
(164, '2023-08-10', '2023-08-02', 14),
(165, '2023-09-10', '2023-09-03', 14),
(166, '2023-10-10', '2023-10-09', 14),
(167, '2023-11-10', '2023-11-05', 14),
(168, '2023-12-10', '2023-12-09', 14),
(169, '2023-01-28', '2023-01-06', 15),
(170, '2023-02-28', '2023-02-08', 15),
(171, '2023-03-28', '2023-03-09', 15),
(172, '2023-04-28', '2023-04-03', 15),
(173, '2023-05-28', '2023-05-10', 15),
(174, '2023-06-28', '2023-06-02', 15),
(175, '2023-07-28', '2023-07-11', 15),
(176, '2023-08-28', '2023-08-03', 15),
(177, '2023-09-28', '2023-09-04', 15),
(178, '2023-10-28', '2023-10-04', 15),
(179, '2023-11-28', '2023-11-05', 15),
(180, '2023-12-28', '2023-12-07', 15),
(181, '2023-01-19', '2023-01-05', 16),
(182, '2023-02-19', '2023-02-09', 16),
(183, '2023-03-19', '2023-03-11', 16),
(184, '2023-04-19', '2023-04-02', 16),
(185, '2023-05-19', '2023-05-10', 16),
(186, '2023-06-19', '2023-06-04', 16),
(187, '2023-07-19', '2023-07-04', 16),
(188, '2023-08-19', '2023-08-01', 16),
(189, '2023-09-19', '2023-09-04', 16),
(190, '2023-10-19', '2023-10-08', 16),
(191, '2023-11-19', '2023-11-02', 16),
(192, '2023-12-19', '2023-12-06', 16),
(193, '2023-01-21', '2023-01-05', 17),
(194, '2023-02-21', '2023-02-08', 17),
(195, '2023-03-21', '2023-03-10', 17),
(196, '2023-04-21', '2023-04-10', 17),
(197, '2023-05-21', '2023-05-03', 17),
(198, '2023-06-21', '2023-06-08', 17),
(199, '2023-07-21', '2023-07-10', 17),
(200, '2023-08-21', '2023-08-04', 17),
(201, '2023-09-21', '2023-09-09', 17),
(202, '2023-10-21', '2023-10-10', 17),
(203, '2023-11-21', '2023-11-07', 17),
(204, '2023-12-21', '2023-12-02', 17),
(205, '2023-01-23', '2023-01-08', 18),
(206, '2023-02-23', '2023-02-03', 18),
(207, '2023-03-23', '2023-03-08', 18),
(208, '2023-04-23', '2023-04-07', 18),
(209, '2023-05-23', '2023-05-01', 18),
(210, '2023-06-23', '2023-06-02', 18),
(211, '2023-07-23', '2023-07-09', 18),
(212, '2023-08-23', '2023-08-11', 18),
(213, '2023-09-23', '2023-09-05', 18),
(214, '2023-10-23', '2023-10-03', 18),
(215, '2023-11-23', '2023-11-10', 18),
(216, '2023-12-23', '2023-12-02', 18),
(217, '2023-01-13', '2023-01-10', 19),
(218, '2023-02-13', '2023-02-04', 19),
(219, '2023-03-13', '2023-03-07', 19),
(220, '2023-04-13', '2023-04-11', 19),
(221, '2023-05-13', '2023-05-06', 19),
(222, '2023-06-13', '2023-06-09', 19),
(223, '2023-07-13', '2023-07-10', 19),
(224, '2023-08-13', '2023-08-02', 19),
(225, '2023-09-13', '2023-09-01', 19),
(226, '2023-10-13', '2023-10-01', 19),
(227, '2023-11-13', '2023-11-11', 19),
(228, '2023-12-13', '2023-12-03', 19),
(229, '2023-01-25', '2023-01-06', 20),
(230, '2023-02-25', '2023-02-11', 20),
(231, '2023-03-25', '2023-03-05', 20),
(232, '2023-04-25', '2023-04-07', 20),
(233, '2023-05-25', '2023-05-09', 20),
(234, '2023-06-25', '2023-06-11', 20),
(235, '2023-07-25', '2023-07-11', 20),
(236, '2023-08-25', '2023-08-10', 20),
(237, '2023-09-25', '2023-09-11', 20),
(238, '2023-10-25', '2023-10-10', 20),
(239, '2023-11-25', '2023-11-02', 20),
(240, '2023-12-25', '2023-12-01', 20),
(241, '2023-01-20', '2023-01-02', 21),
(242, '2023-02-20', '2023-02-01', 21),
(243, '2023-03-20', '2023-03-06', 21),
(244, '2023-04-20', '2023-04-01', 21),
(245, '2023-05-20', '2023-05-09', 21),
(246, '2023-06-20', '2023-06-03', 21),
(247, '2023-07-20', '2023-07-06', 21),
(248, '2023-08-20', '2023-08-04', 21),
(249, '2023-09-20', '2023-09-05', 21),
(250, '2023-10-20', '2023-10-11', 21),
(251, '2023-11-20', '2023-11-01', 21),
(252, '2023-12-20', '2023-12-09', 21),
(253, '2023-01-2', '2023-01-02', 22),
(254, '2023-02-2', '2023-02-07', 22),
(255, '2023-03-2', '2023-03-03', 22),
(256, '2023-04-2', '2023-04-09', 22),
(257, '2023-05-2', '2023-05-04', 22),
(258, '2023-06-2', '2023-06-05', 22),
(259, '2023-07-2', '2023-07-05', 22),
(260, '2023-08-2', '2023-08-04', 22),
(261, '2023-09-2', '2023-09-05', 22),
(262, '2023-10-2', '2023-10-07', 22),
(263, '2023-11-2', '2023-11-09', 22),
(264, '2023-12-2', '2023-12-09', 22),
(265, '2023-01-24', '2023-01-01', 23),
(266, '2023-02-24', '2023-02-02', 23),
(267, '2023-03-24', '2023-03-01', 23),
(268, '2023-04-24', '2023-04-08', 23),
(269, '2023-05-24', '2023-05-08', 23),
(270, '2023-06-24', '2023-06-02', 23),
(271, '2023-07-24', '2023-07-10', 23),
(272, '2023-08-24', '2023-08-03', 23),
(273, '2023-09-24', '2023-09-07', 23),
(274, '2023-10-24', '2023-10-09', 23),
(275, '2023-11-24', '2023-11-09', 23),
(276, '2023-12-24', '2023-12-07', 23),
(277, '2023-01-8', '2023-01-05', 24),
(278, '2023-02-8', '2023-02-06', 24),
(279, '2023-03-8', '2023-03-08', 24),
(280, '2023-04-8', '2023-04-08', 24),
(281, '2023-05-8', '2023-05-09', 24),
(282, '2023-06-8', '2023-06-03', 24),
(283, '2023-07-8', '2023-07-08', 24),
(284, '2023-08-8', '2023-08-04', 24),
(285, '2023-09-8', '2023-09-10', 24),
(286, '2023-10-8', '2023-10-06', 24),
(287, '2023-11-8', '2023-11-05', 24),
(288, '2023-12-8', '2023-12-10', 24),
(289, '2023-01-17', '2023-01-06', 25),
(290, '2023-02-17', '2023-02-11', 25),
(291, '2023-03-17', '2023-03-01', 25),
(292, '2023-04-17', '2023-04-02', 25),
(293, '2023-05-17', '2023-05-07', 25),
(294, '2023-06-17', '2023-06-07', 25),
(295, '2023-07-17', '2023-07-10', 25),
(296, '2023-08-17', '2023-08-08', 25),
(297, '2023-09-17', '2023-09-01', 25),
(298, '2023-10-17', '2023-10-10', 25),
(299, '2023-11-17', '2023-11-09', 25),
(300, '2023-12-17', '2023-12-09', 25),
(301, '2023-01-18', '2023-01-08', 26),
(302, '2023-02-18', '2023-02-09', 26),
(303, '2023-03-18', '2023-03-03', 26),
(304, '2023-04-18', '2023-04-07', 26),
(305, '2023-05-18', '2023-05-02', 26),
(306, '2023-06-18', '2023-06-01', 26),
(307, '2023-07-18', '2023-07-07', 26),
(308, '2023-08-18', '2023-08-01', 26),
(309, '2023-09-18', '2023-09-02', 26),
(310, '2023-10-18', '2023-10-01', 26),
(311, '2023-11-18', '2023-11-09', 26),
(312, '2023-12-18', '2023-12-05', 26),
(313, '2023-01-14', '2023-01-06', 27),
(314, '2023-02-14', '2023-02-01', 27),
(315, '2023-03-14', '2023-03-08', 27),
(316, '2023-04-14', '2023-04-04', 27),
(317, '2023-05-14', '2023-05-06', 27),
(318, '2023-06-14', '2023-06-07', 27),
(319, '2023-07-14', '2023-07-02', 27),
(320, '2023-08-14', '2023-08-08', 27),
(321, '2023-09-14', '2023-09-06', 27),
(322, '2023-10-14', '2023-10-09', 27),
(323, '2023-11-14', '2023-11-10', 27),
(324, '2023-12-14', '2023-12-03', 27),
(325, '2023-01-9', '2023-01-07', 28),
(326, '2023-02-9', '2023-02-03', 28),
(327, '2023-03-9', '2023-03-07', 28),
(328, '2023-04-9', '2023-04-07', 28),
(329, '2023-05-9', '2023-05-11', 28),
(330, '2023-06-9', '2023-06-02', 28),
(331, '2023-07-9', '2023-07-06', 28),
(332, '2023-08-9', '2023-08-05', 28),
(333, '2023-09-9', '2023-09-06', 28),
(334, '2023-10-9', '2023-10-01', 28),
(335, '2023-11-9', '2023-11-02', 28),
(336, '2023-12-9', '2023-12-09', 28),
(337, '2023-01-9', '2023-01-05', 29),
(338, '2023-02-9', '2023-02-06', 29),
(339, '2023-03-9', '2023-03-05', 29),
(340, '2023-04-9', '2023-04-04', 29),
(341, '2023-05-9', '2023-05-11', 29),
(342, '2023-06-9', '2023-06-01', 29),
(343, '2023-07-9', '2023-07-06', 29),
(344, '2023-08-9', '2023-08-06', 29),
(345, '2023-09-9', '2023-09-04', 29),
(346, '2023-10-9', '2023-10-10', 29),
(347, '2023-11-9', '2023-11-09', 29),
(348, '2023-12-9', '2023-12-03', 29),
(349, '2023-01-18', '2023-01-10', 30),
(350, '2023-02-18', '2023-02-10', 30),
(351, '2023-03-18', '2023-03-11', 30),
(352, '2023-04-18', '2023-04-09', 30),
(353, '2023-05-18', '2023-05-03', 30),
(354, '2023-06-18', '2023-06-06', 30),
(355, '2023-07-18', '2023-07-06', 30),
(356, '2023-08-18', '2023-08-03', 30),
(357, '2023-09-18', '2023-09-01', 30),
(358, '2023-10-18', '2023-10-07', 30),
(359, '2023-11-18', '2023-11-05', 30),
(360, '2023-12-18', '2023-12-05', 30),
(361, '2023-01-24', '2023-01-05', 31),
(362, '2023-02-24', '2023-02-06', 31),
(363, '2023-03-24', '2023-03-07', 31),
(364, '2023-04-24', '2023-04-10', 31),
(365, '2023-05-24', '2023-05-11', 31),
(366, '2023-06-24', '2023-06-06', 31),
(367, '2023-07-24', '2023-07-07', 31),
(368, '2023-08-24', '2023-08-04', 31),
(369, '2023-09-24', '2023-09-05', 31),
(370, '2023-10-24', '2023-10-02', 31),
(371, '2023-11-24', '2023-11-06', 31),
(372, '2023-12-24', '2023-12-02', 31),
(373, '2023-01-5', '2023-01-11', 32),
(374, '2023-02-5', '2023-02-06', 32),
(375, '2023-03-5', '2023-03-05', 32),
(376, '2023-04-5', '2023-04-02', 32),
(377, '2023-05-5', '2023-05-09', 32),
(378, '2023-06-5', '2023-06-03', 32),
(379, '2023-07-5', '2023-07-02', 32),
(380, '2023-08-5', '2023-08-08', 32),
(381, '2023-09-5', '2023-09-09', 32),
(382, '2023-10-5', '2023-10-04', 32),
(383, '2023-11-5', '2023-11-02', 32),
(384, '2023-12-5', '2023-12-06', 32),
(385, '2023-01-7', '2023-01-04', 33),
(386, '2023-02-7', '2023-02-08', 33),
(387, '2023-03-7', '2023-03-03', 33),
(388, '2023-04-7', '2023-04-09', 33),
(389, '2023-05-7', '2023-05-07', 33),
(390, '2023-06-7', '2023-06-02', 33),
(391, '2023-07-7', '2023-07-11', 33),
(392, '2023-08-7', '2023-08-01', 33),
(393, '2023-09-7', '2023-09-05', 33),
(394, '2023-10-7', '2023-10-01', 33),
(395, '2023-11-7', '2023-11-06', 33),
(396, '2023-12-7', '2023-12-05', 33),
(397, '2023-01-23', '2023-01-09', 34),
(398, '2023-02-23', '2023-02-07', 34),
(399, '2023-03-23', '2023-03-04', 34),
(400, '2023-04-23', '2023-04-07', 34),
(401, '2023-05-23', '2023-05-02', 34),
(402, '2023-06-23', '2023-06-05', 34),
(403, '2023-07-23', '2023-07-01', 34),
(404, '2023-08-23', '2023-08-05', 34),
(405, '2023-09-23', '2023-09-01', 34),
(406, '2023-10-23', '2023-10-07', 34),
(407, '2023-11-23', '2023-11-08', 34),
(408, '2023-12-23', '2023-12-10', 34),
(409, '2023-01-9', '2023-01-02', 35),
(410, '2023-02-9', '2023-02-10', 35),
(411, '2023-03-9', '2023-03-05', 35),
(412, '2023-04-9', '2023-04-01', 35),
(413, '2023-05-9', '2023-05-08', 35),
(414, '2023-06-9', '2023-06-03', 35),
(415, '2023-07-9', '2023-07-05', 35),
(416, '2023-08-9', '2023-08-01', 35),
(417, '2023-09-9', '2023-09-10', 35),
(418, '2023-10-9', '2023-10-08', 35),
(419, '2023-11-9', '2023-11-09', 35),
(420, '2023-12-9', '2023-12-06', 35),
(421, '2023-01-4', '2023-01-07', 36),
(422, '2023-02-4', '2023-02-09', 36),
(423, '2023-03-4', '2023-03-01', 36),
(424, '2023-04-4', '2023-04-03', 36),
(425, '2023-05-4', '2023-05-07', 36),
(426, '2023-06-4', '2023-06-01', 36),
(427, '2023-07-4', '2023-07-04', 36),
(428, '2023-08-4', '2023-08-01', 36),
(429, '2023-09-4', '2023-09-10', 36),
(430, '2023-10-4', '2023-10-10', 36),
(431, '2023-11-4', '2023-11-09', 36),
(432, '2023-12-4', '2023-12-11', 36),
(433, '2023-01-19', '2023-01-07', 37),
(434, '2023-02-19', '2023-02-09', 37),
(435, '2023-03-19', '2023-03-04', 37),
(436, '2023-04-19', '2023-04-11', 37),
(437, '2023-05-19', '2023-05-08', 37),
(438, '2023-06-19', '2023-06-07', 37),
(439, '2023-07-19', '2023-07-09', 37),
(440, '2023-08-19', '2023-08-05', 37),
(441, '2023-09-19', '2023-09-11', 37),
(442, '2023-10-19', '2023-10-09', 37),
(443, '2023-11-19', '2023-11-03', 37),
(444, '2023-12-19', '2023-12-01', 37),
(445, '2023-01-14', '2023-01-01', 38),
(446, '2023-02-14', '2023-02-01', 38),
(447, '2023-03-14', '2023-03-03', 38),
(448, '2023-04-14', '2023-04-04', 38),
(449, '2023-05-14', '2023-05-04', 38),
(450, '2023-06-14', '2023-06-03', 38),
(451, '2023-07-14', '2023-07-06', 38),
(452, '2023-08-14', '2023-08-03', 38),
(453, '2023-09-14', '2023-09-05', 38),
(454, '2023-10-14', '2023-10-08', 38),
(455, '2023-11-14', '2023-11-01', 38),
(456, '2023-12-14', '2023-12-03', 38),
(457, '2023-01-20', '2023-01-04', 39),
(458, '2023-02-20', '2023-02-03', 39),
(459, '2023-03-20', '2023-03-11', 39),
(460, '2023-04-20', '2023-04-08', 39),
(461, '2023-05-20', '2023-05-05', 39),
(462, '2023-06-20', '2023-06-01', 39),
(463, '2023-07-20', '2023-07-01', 39),
(464, '2023-08-20', '2023-08-07', 39),
(465, '2023-09-20', '2023-09-02', 39),
(466, '2023-10-20', '2023-10-04', 39),
(467, '2023-11-20', '2023-11-02', 39),
(468, '2023-12-20', '2023-12-03', 39),
(469, '2023-01-14', '2023-01-04', 40),
(470, '2023-02-14', '2023-02-05', 40),
(471, '2023-03-14', '2023-03-04', 40),
(472, '2023-04-14', '2023-04-08', 40),
(473, '2023-05-14', '2023-05-09', 40),
(474, '2023-06-14', '2023-06-05', 40),
(475, '2023-07-14', '2023-07-11', 40),
(476, '2023-08-14', '2023-08-08', 40),
(477, '2023-09-14', '2023-09-11', 40),
(478, '2023-10-14', '2023-10-01', 40),
(479, '2023-11-14', '2023-11-02', 40),
(480, '2023-12-14', '2023-12-03', 40),
(481, '2023-01-24', '2023-01-06', 41),
(482, '2023-02-24', '2023-02-06', 41),
(483, '2023-03-24', '2023-03-08', 41),
(484, '2023-04-24', '2023-04-08', 41),
(485, '2023-05-24', '2023-05-08', 41),
(486, '2023-06-24', '2023-06-09', 41),
(487, '2023-07-24', '2023-07-01', 41),
(488, '2023-08-24', '2023-08-06', 41),
(489, '2023-09-24', '2023-09-06', 41),
(490, '2023-10-24', '2023-10-07', 41),
(491, '2023-11-24', '2023-11-03', 41),
(492, '2023-12-24', '2023-12-07', 41),
(493, '2023-01-12', '2023-01-02', 42),
(494, '2023-02-12', '2023-02-09', 42),
(495, '2023-03-12', '2023-03-01', 42),
(496, '2023-04-12', '2023-04-10', 42),
(497, '2023-05-12', '2023-05-02', 42),
(498, '2023-06-12', '2023-06-06', 42),
(499, '2023-07-12', '2023-07-08', 42),
(500, '2023-08-12', '2023-08-07', 42),
(501, '2023-09-12', '2023-09-11', 42),
(502, '2023-10-12', '2023-10-05', 42),
(503, '2023-11-12', '2023-11-09', 42),
(504, '2023-12-12', '2023-12-06', 42),
(505, '2023-01-16', '2023-01-11', 43),
(506, '2023-02-16', '2023-02-01', 43),
(507, '2023-03-16', '2023-03-09', 43),
(508, '2023-04-16', '2023-04-06', 43),
(509, '2023-05-16', '2023-05-03', 43),
(510, '2023-06-16', '2023-06-02', 43),
(511, '2023-07-16', '2023-07-02', 43),
(512, '2023-08-16', '2023-08-02', 43),
(513, '2023-09-16', '2023-09-02', 43),
(514, '2023-10-16', '2023-10-02', 43),
(515, '2023-11-16', '2023-11-06', 43),
(516, '2023-12-16', '2023-12-01', 43),
(517, '2023-01-12', '2023-01-10', 44),
(518, '2023-02-12', '2023-02-09', 44),
(519, '2023-03-12', '2023-03-03', 44),
(520, '2023-04-12', '2023-04-01', 44),
(521, '2023-05-12', '2023-05-02', 44),
(522, '2023-06-12', '2023-06-06', 44),
(523, '2023-07-12', '2023-07-09', 44),
(524, '2023-08-12', '2023-08-07', 44),
(525, '2023-09-12', '2023-09-06', 44),
(526, '2023-10-12', '2023-10-09', 44),
(527, '2023-11-12', '2023-11-04', 44),
(528, '2023-12-12', '2023-12-09', 44),
(529, '2023-01-21', '2023-01-06', 45),
(530, '2023-02-21', '2023-02-04', 45),
(531, '2023-03-21', '2023-03-09', 45),
(532, '2023-04-21', '2023-04-03', 45),
(533, '2023-05-21', '2023-05-03', 45),
(534, '2023-06-21', '2023-06-04', 45),
(535, '2023-07-21', '2023-07-05', 45),
(536, '2023-08-21', '2023-08-08', 45),
(537, '2023-09-21', '2023-09-11', 45),
(538, '2023-10-21', '2023-10-10', 45),
(539, '2023-11-21', '2023-11-01', 45),
(540, '2023-12-21', '2023-12-10', 45),
(541, '2023-01-7', '2023-01-03', 46),
(542, '2023-02-7', '2023-02-09', 46),
(543, '2023-03-7', '2023-03-09', 46),
(544, '2023-04-7', '2023-04-11', 46),
(545, '2023-05-7', '2023-05-05', 46),
(546, '2023-06-7', '2023-06-04', 46),
(547, '2023-07-7', '2023-07-08', 46),
(548, '2023-08-7', '2023-08-09', 46),
(549, '2023-09-7', '2023-09-06', 46),
(550, '2023-10-7', '2023-10-04', 46),
(551, '2023-11-7', '2023-11-10', 46),
(552, '2023-12-7', '2023-12-10', 46),
(553, '2023-01-17', '2023-01-11', 47),
(554, '2023-02-17', '2023-02-03', 47),
(555, '2023-03-17', '2023-03-03', 47),
(556, '2023-04-17', '2023-04-03', 47),
(557, '2023-05-17', '2023-05-02', 47),
(558, '2023-06-17', '2023-06-05', 47),
(559, '2023-07-17', '2023-07-09', 47),
(560, '2023-08-17', '2023-08-04', 47),
(561, '2023-09-17', '2023-09-06', 47),
(562, '2023-10-17', '2023-10-11', 47),
(563, '2023-11-17', '2023-11-07', 47),
(564, '2023-12-17', '2023-12-05', 47),
(565, '2023-01-23', '2023-01-01', 48),
(566, '2023-02-23', '2023-02-05', 48),
(567, '2023-03-23', '2023-03-05', 48),
(568, '2023-04-23', '2023-04-07', 48),
(569, '2023-05-23', '2023-05-03', 48),
(570, '2023-06-23', '2023-06-03', 48),
(571, '2023-07-23', '2023-07-10', 48),
(572, '2023-08-23', '2023-08-07', 48),
(573, '2023-09-23', '2023-09-05', 48),
(574, '2023-10-23', '2023-10-03', 48),
(575, '2023-11-23', '2023-11-06', 48),
(576, '2023-12-23', '2023-12-05', 48),
(577, '2023-01-28', '2023-01-04', 49),
(578, '2023-02-28', '2023-02-06', 49),
(579, '2023-03-28', '2023-03-10', 49),
(580, '2023-04-28', '2023-04-05', 49),
(581, '2023-05-28', '2023-05-09', 49),
(582, '2023-06-28', '2023-06-10', 49),
(583, '2023-07-28', '2023-07-08', 49),
(584, '2023-08-28', '2023-08-05', 49),
(585, '2023-09-28', '2023-09-10', 49),
(586, '2023-10-28', '2023-10-08', 49),
(587, '2023-11-28', '2023-11-09', 49),
(588, '2023-12-28', '2023-12-05', 49),
(589, '2023-01-28', '2023-01-08', 50),
(590, '2023-02-28', '2023-02-04', 50),
(591, '2023-03-28', '2023-03-11', 50),
(592, '2023-04-28', '2023-04-01', 50),
(593, '2023-05-28', '2023-05-11', 50),
(594, '2023-06-28', '2023-06-02', 50),
(595, '2023-07-28', '2023-07-03', 50),
(596, '2023-08-28', '2023-08-01', 50),
(597, '2023-09-28', '2023-09-02', 50),
(598, '2023-10-28', '2023-10-05', 50),
(599, '2023-11-28', '2023-11-09', 50),
(600, '2023-12-28', '2023-12-05', 50),
(601, '2023-01-6', '2023-01-05', 51),
(602, '2023-02-6', '2023-02-06', 51),
(603, '2023-03-6', '2023-03-02', 51),
(604, '2023-04-6', '2023-04-05', 51),
(605, '2023-05-6', '2023-05-09', 51),
(606, '2023-06-6', '2023-06-03', 51),
(607, '2023-07-6', '2023-07-05', 51),
(608, '2023-08-6', '2023-08-04', 51),
(609, '2023-09-6', '2023-09-04', 51),
(610, '2023-10-6', '2023-10-03', 51),
(611, '2023-11-6', '2023-11-03', 51),
(612, '2023-12-6', '2023-12-09', 51),
(613, '2023-01-17', '2023-01-03', 52),
(614, '2023-02-17', '2023-02-08', 52),
(615, '2023-03-17', '2023-03-01', 52),
(616, '2023-04-17', '2023-04-08', 52),
(617, '2023-05-17', '2023-05-05', 52),
(618, '2023-06-17', '2023-06-11', 52),
(619, '2023-07-17', '2023-07-04', 52),
(620, '2023-08-17', '2023-08-06', 52),
(621, '2023-09-17', '2023-09-08', 52),
(622, '2023-10-17', '2023-10-05', 52),
(623, '2023-11-17', '2023-11-08', 52),
(624, '2023-12-17', '2023-12-04', 52),
(625, '2023-01-10', '2023-01-11', 53),
(626, '2023-02-10', '2023-02-06', 53),
(627, '2023-03-10', '2023-03-07', 53),
(628, '2023-04-10', '2023-04-08', 53),
(629, '2023-05-10', '2023-05-01', 53),
(630, '2023-06-10', '2023-06-10', 53),
(631, '2023-07-10', '2023-07-08', 53),
(632, '2023-08-10', '2023-08-08', 53),
(633, '2023-09-10', '2023-09-04', 53),
(634, '2023-10-10', '2023-10-07', 53),
(635, '2023-11-10', '2023-11-04', 53),
(636, '2023-12-10', '2023-12-06', 53),
(637, '2023-01-17', '2023-01-11', 54),
(638, '2023-02-17', '2023-02-05', 54),
(639, '2023-03-17', '2023-03-04', 54),
(640, '2023-04-17', '2023-04-08', 54),
(641, '2023-05-17', '2023-05-02', 54),
(642, '2023-06-17', '2023-06-11', 54),
(643, '2023-07-17', '2023-07-04', 54),
(644, '2023-08-17', '2023-08-03', 54),
(645, '2023-09-17', '2023-09-05', 54),
(646, '2023-10-17', '2023-10-09', 54),
(647, '2023-11-17', '2023-11-04', 54),
(648, '2023-12-17', '2023-12-09', 54),
(649, '2023-01-26', '2023-01-09', 55),
(650, '2023-02-26', '2023-02-04', 55),
(651, '2023-03-26', '2023-03-11', 55),
(652, '2023-04-26', '2023-04-10', 55),
(653, '2023-05-26', '2023-05-01', 55),
(654, '2023-06-26', '2023-06-01', 55),
(655, '2023-07-26', '2023-07-10', 55),
(656, '2023-08-26', '2023-08-09', 55),
(657, '2023-09-26', '2023-09-08', 55),
(658, '2023-10-26', '2023-10-06', 55),
(659, '2023-11-26', '2023-11-11', 55),
(660, '2023-12-26', '2023-12-07', 55),
(661, '2023-01-15', '2023-01-07', 56),
(662, '2023-02-15', '2023-02-04', 56),
(663, '2023-03-15', '2023-03-05', 56),
(664, '2023-04-15', '2023-04-11', 56),
(665, '2023-05-15', '2023-05-06', 56),
(666, '2023-06-15', '2023-06-06', 56),
(667, '2023-07-15', '2023-07-09', 56),
(668, '2023-08-15', '2023-08-05', 56),
(669, '2023-09-15', '2023-09-03', 56),
(670, '2023-10-15', '2023-10-01', 56),
(671, '2023-11-15', '2023-11-04', 56),
(672, '2023-12-15', '2023-12-07', 56),
(673, '2023-01-25', '2023-01-04', 57),
(674, '2023-02-25', '2023-02-09', 57),
(675, '2023-03-25', '2023-03-01', 57),
(676, '2023-04-25', '2023-04-05', 57),
(677, '2023-05-25', '2023-05-08', 57),
(678, '2023-06-25', '2023-06-01', 57),
(679, '2023-07-25', '2023-07-03', 57),
(680, '2023-08-25', '2023-08-03', 57),
(681, '2023-09-25', '2023-09-04', 57),
(682, '2023-10-25', '2023-10-01', 57),
(683, '2023-11-25', '2023-11-10', 57),
(684, '2023-12-25', '2023-12-09', 57),
(685, '2023-01-20', '2023-01-10', 58),
(686, '2023-02-20', '2023-02-05', 58),
(687, '2023-03-20', '2023-03-01', 58),
(688, '2023-04-20', '2023-04-10', 58),
(689, '2023-05-20', '2023-05-01', 58),
(690, '2023-06-20', '2023-06-11', 58),
(691, '2023-07-20', '2023-07-11', 58),
(692, '2023-08-20', '2023-08-11', 58),
(693, '2023-09-20', '2023-09-08', 58),
(694, '2023-10-20', '2023-10-08', 58),
(695, '2023-11-20', '2023-11-09', 58),
(696, '2023-12-20', '2023-12-06', 58),
(697, '2023-01-18', '2023-01-03', 59),
(698, '2023-02-18', '2023-02-04', 59),
(699, '2023-03-18', '2023-03-07', 59),
(700, '2023-04-18', '2023-04-01', 59),
(701, '2023-05-18', '2023-05-03', 59),
(702, '2023-06-18', '2023-06-05', 59),
(703, '2023-07-18', '2023-07-09', 59),
(704, '2023-08-18', '2023-08-01', 59),
(705, '2023-09-18', '2023-09-08', 59),
(706, '2023-10-18', '2023-10-10', 59),
(707, '2023-11-18', '2023-11-10', 59),
(708, '2023-12-18', '2023-12-03', 59),
(709, '2023-01-11', '2023-01-01', 60),
(710, '2023-02-11', '2023-02-02', 60),
(711, '2023-03-11', '2023-03-03', 60),
(712, '2023-04-11', '2023-04-08', 60),
(713, '2023-05-11', '2023-05-08', 60),
(714, '2023-06-11', '2023-06-01', 60),
(715, '2023-07-11', '2023-07-11', 60),
(716, '2023-08-11', '2023-08-07', 60),
(717, '2023-09-11', '2023-09-06', 60),
(718, '2023-10-11', '2023-10-03', 60),
(719, '2023-11-11', '2023-11-10', 60),
(720, '2023-12-11', '2023-12-07', 60),
(721, '2023-01-5', '2023-01-03', 61),
(722, '2023-02-5', '2023-02-01', 61),
(723, '2023-03-5', '2023-03-03', 61),
(724, '2023-04-5', '2023-04-06', 61),
(725, '2023-05-5', '2023-05-03', 61),
(726, '2023-06-5', '2023-06-08', 61),
(727, '2023-07-5', '2023-07-04', 61),
(728, '2023-08-5', '2023-08-06', 61),
(729, '2023-09-5', '2023-09-04', 61),
(730, '2023-10-5', '2023-10-10', 61),
(731, '2023-11-5', '2023-11-09', 61),
(732, '2023-12-5', '2023-12-05', 61),
(733, '2023-01-13', '2023-01-08', 62),
(734, '2023-02-13', '2023-02-11', 62),
(735, '2023-03-13', '2023-03-11', 62),
(736, '2023-04-13', '2023-04-10', 62),
(737, '2023-05-13', '2023-05-06', 62),
(738, '2023-06-13', '2023-06-07', 62),
(739, '2023-07-13', '2023-07-02', 62),
(740, '2023-08-13', '2023-08-11', 62),
(741, '2023-09-13', '2023-09-01', 62),
(742, '2023-10-13', '2023-10-04', 62),
(743, '2023-11-13', '2023-11-06', 62),
(744, '2023-12-13', '2023-12-02', 62),
(745, '2023-01-8', '2023-01-03', 63),
(746, '2023-02-8', '2023-02-02', 63),
(747, '2023-03-8', '2023-03-03', 63),
(748, '2023-04-8', '2023-04-01', 63),
(749, '2023-05-8', '2023-05-08', 63),
(750, '2023-06-8', '2023-06-02', 63),
(751, '2023-07-8', '2023-07-04', 63),
(752, '2023-08-8', '2023-08-08', 63),
(753, '2023-09-8', '2023-09-02', 63),
(754, '2023-10-8', '2023-10-05', 63),
(755, '2023-11-8', '2023-11-03', 63),
(756, '2023-12-8', '2023-12-08', 63),
(757, '2023-01-9', '2023-01-04', 64),
(758, '2023-02-9', '2023-02-08', 64),
(759, '2023-03-9', '2023-03-04', 64),
(760, '2023-04-9', '2023-04-02', 64),
(761, '2023-05-9', '2023-05-01', 64),
(762, '2023-06-9', '2023-06-08', 64),
(763, '2023-07-9', '2023-07-10', 64),
(764, '2023-08-9', '2023-08-09', 64),
(765, '2023-09-9', '2023-09-10', 64),
(766, '2023-10-9', '2023-10-07', 64),
(767, '2023-11-9', '2023-11-01', 64),
(768, '2023-12-9', '2023-12-10', 64),
(769, '2023-01-11', '2023-01-01', 65),
(770, '2023-02-11', '2023-02-02', 65),
(771, '2023-03-11', '2023-03-04', 65),
(772, '2023-04-11', '2023-04-09', 65),
(773, '2023-05-11', '2023-05-05', 65),
(774, '2023-06-11', '2023-06-04', 65),
(775, '2023-07-11', '2023-07-07', 65),
(776, '2023-08-11', '2023-08-06', 65),
(777, '2023-09-11', '2023-09-07', 65),
(778, '2023-10-11', '2023-10-11', 65),
(779, '2023-11-11', '2023-11-03', 65),
(780, '2023-12-11', '2023-12-08', 65),
(781, '2023-01-21', '2023-01-06', 66),
(782, '2023-02-21', '2023-02-11', 66),
(783, '2023-03-21', '2023-03-05', 66),
(784, '2023-04-21', '2023-04-06', 66),
(785, '2023-05-21', '2023-05-09', 66),
(786, '2023-06-21', '2023-06-03', 66),
(787, '2023-07-21', '2023-07-10', 66),
(788, '2023-08-21', '2023-08-07', 66),
(789, '2023-09-21', '2023-09-06', 66),
(790, '2023-10-21', '2023-10-04', 66),
(791, '2023-11-21', '2023-11-07', 66),
(792, '2023-12-21', '2023-12-04', 66),
(793, '2023-01-27', '2023-01-10', 67),
(794, '2023-02-27', '2023-02-09', 67),
(795, '2023-03-27', '2023-03-09', 67),
(796, '2023-04-27', '2023-04-07', 67),
(797, '2023-05-27', '2023-05-04', 67),
(798, '2023-06-27', '2023-06-09', 67),
(799, '2023-07-27', '2023-07-02', 67),
(800, '2023-08-27', '2023-08-10', 67),
(801, '2023-09-27', '2023-09-09', 67),
(802, '2023-10-27', '2023-10-02', 67),
(803, '2023-11-27', '2023-11-09', 67),
(804, '2023-12-27', '2023-12-01', 67),
(805, '2023-01-22', '2023-01-04', 68),
(806, '2023-02-22', '2023-02-10', 68),
(807, '2023-03-22', '2023-03-11', 68),
(808, '2023-04-22', '2023-04-01', 68),
(809, '2023-05-22', '2023-05-05', 68),
(810, '2023-06-22', '2023-06-07', 68),
(811, '2023-07-22', '2023-07-08', 68),
(812, '2023-08-22', '2023-08-10', 68),
(813, '2023-09-22', '2023-09-01', 68),
(814, '2023-10-22', '2023-10-01', 68),
(815, '2023-11-22', '2023-11-05', 68),
(816, '2023-12-22', '2023-12-11', 68),
(817, '2023-01-10', '2023-01-09', 69),
(818, '2023-02-10', '2023-02-07', 69),
(819, '2023-03-10', '2023-03-03', 69),
(820, '2023-04-10', '2023-04-09', 69),
(821, '2023-05-10', '2023-05-10', 69),
(822, '2023-06-10', '2023-06-07', 69),
(823, '2023-07-10', '2023-07-06', 69),
(824, '2023-08-10', '2023-08-10', 69),
(825, '2023-09-10', '2023-09-10', 69),
(826, '2023-10-10', '2023-10-03', 69),
(827, '2023-11-10', '2023-11-08', 69),
(828, '2023-12-10', '2023-12-10', 69),
(829, '2023-01-26', '2023-01-11', 70),
(830, '2023-02-26', '2023-02-04', 70),
(831, '2023-03-26', '2023-03-04', 70),
(832, '2023-04-26', '2023-04-03', 70),
(833, '2023-05-26', '2023-05-08', 70),
(834, '2023-06-26', '2023-06-07', 70),
(835, '2023-07-26', '2023-07-05', 70),
(836, '2023-08-26', '2023-08-10', 70),
(837, '2023-09-26', '2023-09-05', 70),
(838, '2023-10-26', '2023-10-01', 70),
(839, '2023-11-26', '2023-11-09', 70),
(840, '2023-12-26', '2023-12-01', 70),
(841, '2023-01-2', '2023-01-03', 71),
(842, '2023-02-2', '2023-02-02', 71),
(843, '2023-03-2', '2023-03-08', 71),
(844, '2023-04-2', '2023-04-09', 71),
(845, '2023-05-2', '2023-05-07', 71),
(846, '2023-06-2', '2023-06-07', 71),
(847, '2023-07-2', '2023-07-01', 71),
(848, '2023-08-2', '2023-08-10', 71),
(849, '2023-09-2', '2023-09-06', 71),
(850, '2023-10-2', '2023-10-02', 71),
(851, '2023-11-2', '2023-11-03', 71),
(852, '2023-12-2', '2023-12-07', 71),
(853, '2023-01-8', '2023-01-02', 72),
(854, '2023-02-8', '2023-02-11', 72),
(855, '2023-03-8', '2023-03-01', 72),
(856, '2023-04-8', '2023-04-07', 72),
(857, '2023-05-8', '2023-05-01', 72),
(858, '2023-06-8', '2023-06-04', 72),
(859, '2023-07-8', '2023-07-02', 72),
(860, '2023-08-8', '2023-08-10', 72),
(861, '2023-09-8', '2023-09-05', 72),
(862, '2023-10-8', '2023-10-07', 72),
(863, '2023-11-8', '2023-11-06', 72),
(864, '2023-12-8', '2023-12-07', 72),
(865, '2023-01-1', '2023-01-02', 73),
(866, '2023-02-1', '2023-02-09', 73),
(867, '2023-03-1', '2023-03-06', 73),
(868, '2023-04-1', '2023-04-10', 73),
(869, '2023-05-1', '2023-05-07', 73),
(870, '2023-06-1', '2023-06-06', 73),
(871, '2023-07-1', '2023-07-03', 73),
(872, '2023-08-1', '2023-08-06', 73),
(873, '2023-09-1', '2023-09-03', 73),
(874, '2023-10-1', '2023-10-06', 73),
(875, '2023-11-1', '2023-11-04', 73),
(876, '2023-12-1', '2023-12-11', 73),
(877, '2023-01-1', '2023-01-06', 74),
(878, '2023-02-1', '2023-02-04', 74),
(879, '2023-03-1', '2023-03-08', 74),
(880, '2023-04-1', '2023-04-11', 74),
(881, '2023-05-1', '2023-05-11', 74),
(882, '2023-06-1', '2023-06-06', 74),
(883, '2023-07-1', '2023-07-01', 74),
(884, '2023-08-1', '2023-08-08', 74),
(885, '2023-09-1', '2023-09-10', 74),
(886, '2023-10-1', '2023-10-04', 74),
(887, '2023-11-1', '2023-11-04', 74),
(888, '2023-12-1', '2023-12-07', 74),
(889, '2023-01-21', '2023-01-03', 75),
(890, '2023-02-21', '2023-02-05', 75),
(891, '2023-03-21', '2023-03-03', 75),
(892, '2023-04-21', '2023-04-08', 75),
(893, '2023-05-21', '2023-05-08', 75),
(894, '2023-06-21', '2023-06-01', 75),
(895, '2023-07-21', '2023-07-05', 75),
(896, '2023-08-21', '2023-08-02', 75),
(897, '2023-09-21', '2023-09-01', 75),
(898, '2023-10-21', '2023-10-06', 75),
(899, '2023-11-21', '2023-11-05', 75),
(900, '2023-12-21', '2023-12-07', 75),
(901, '2023-01-19', '2023-01-11', 76),
(902, '2023-02-19', '2023-02-04', 76),
(903, '2023-03-19', '2023-03-04', 76),
(904, '2023-04-19', '2023-04-09', 76),
(905, '2023-05-19', '2023-05-02', 76),
(906, '2023-06-19', '2023-06-06', 76),
(907, '2023-07-19', '2023-07-10', 76),
(908, '2023-08-19', '2023-08-08', 76),
(909, '2023-09-19', '2023-09-11', 76),
(910, '2023-10-19', '2023-10-11', 76),
(911, '2023-11-19', '2023-11-08', 76),
(912, '2023-12-19', '2023-12-07', 76),
(913, '2023-01-21', '2023-01-02', 77),
(914, '2023-02-21', '2023-02-05', 77),
(915, '2023-03-21', '2023-03-04', 77),
(916, '2023-04-21', '2023-04-06', 77),
(917, '2023-05-21', '2023-05-02', 77),
(918, '2023-06-21', '2023-06-11', 77),
(919, '2023-07-21', '2023-07-06', 77),
(920, '2023-08-21', '2023-08-01', 77),
(921, '2023-09-21', '2023-09-02', 77),
(922, '2023-10-21', '2023-10-11', 77),
(923, '2023-11-21', '2023-11-06', 77),
(924, '2023-12-21', '2023-12-02', 77),
(925, '2023-01-7', '2023-01-08', 78),
(926, '2023-02-7', '2023-02-05', 78),
(927, '2023-03-7', '2023-03-09', 78),
(928, '2023-04-7', '2023-04-01', 78),
(929, '2023-05-7', '2023-05-04', 78),
(930, '2023-06-7', '2023-06-04', 78),
(931, '2023-07-7', '2023-07-08', 78),
(932, '2023-08-7', '2023-08-07', 78),
(933, '2023-09-7', '2023-09-06', 78),
(934, '2023-10-7', '2023-10-05', 78),
(935, '2023-11-7', '2023-11-02', 78),
(936, '2023-12-7', '2023-12-06', 78),
(937, '2023-01-5', '2023-01-08', 79),
(938, '2023-02-5', '2023-02-10', 79),
(939, '2023-03-5', '2023-03-07', 79),
(940, '2023-04-5', '2023-04-01', 79),
(941, '2023-05-5', '2023-05-09', 79),
(942, '2023-06-5', '2023-06-04', 79),
(943, '2023-07-5', '2023-07-03', 79),
(944, '2023-08-5', '2023-08-11', 79),
(945, '2023-09-5', '2023-09-10', 79),
(946, '2023-10-5', '2023-10-11', 79),
(947, '2023-11-5', '2023-11-02', 79),
(948, '2023-12-5', '2023-12-02', 79),
(949, '2023-01-27', '2023-01-03', 80),
(950, '2023-02-27', '2023-02-07', 80),
(951, '2023-03-27', '2023-03-10', 80),
(952, '2023-04-27', '2023-04-04', 80),
(953, '2023-05-27', '2023-05-11', 80),
(954, '2023-06-27', '2023-06-11', 80),
(955, '2023-07-27', '2023-07-08', 80),
(956, '2023-08-27', '2023-08-03', 80),
(957, '2023-09-27', '2023-09-03', 80),
(958, '2023-10-27', '2023-10-06', 80),
(959, '2023-11-27', '2023-11-01', 80),
(960, '2023-12-27', '2023-12-10', 80),
(961, '2023-01-2', '2023-01-01', 81),
(962, '2023-02-2', '2023-02-07', 81),
(963, '2023-03-2', '2023-03-10', 81),
(964, '2023-04-2', '2023-04-05', 81),
(965, '2023-05-2', '2023-05-04', 81),
(966, '2023-06-2', '2023-06-07', 81),
(967, '2023-07-2', '2023-07-01', 81),
(968, '2023-08-2', '2023-08-09', 81),
(969, '2023-09-2', '2023-09-11', 81),
(970, '2023-10-2', '2023-10-01', 81),
(971, '2023-11-2', '2023-11-03', 81),
(972, '2023-12-2', '2023-12-04', 81),
(973, '2023-01-28', '2023-01-02', 82),
(974, '2023-02-28', '2023-02-03', 82),
(975, '2023-03-28', '2023-03-09', 82),
(976, '2023-04-28', '2023-04-03', 82),
(977, '2023-05-28', '2023-05-01', 82),
(978, '2023-06-28', '2023-06-10', 82),
(979, '2023-07-28', '2023-07-08', 82),
(980, '2023-08-28', '2023-08-08', 82),
(981, '2023-09-28', '2023-09-11', 82),
(982, '2023-10-28', '2023-10-02', 82),
(983, '2023-11-28', '2023-11-10', 82),
(984, '2023-12-28', '2023-12-10', 82),
(985, '2023-01-17', '2023-01-01', 83),
(986, '2023-02-17', '2023-02-09', 83),
(987, '2023-03-17', '2023-03-07', 83),
(988, '2023-04-17', '2023-04-06', 83),
(989, '2023-05-17', '2023-05-02', 83),
(990, '2023-06-17', '2023-06-02', 83),
(991, '2023-07-17', '2023-07-05', 83),
(992, '2023-08-17', '2023-08-02', 83),
(993, '2023-09-17', '2023-09-02', 83),
(994, '2023-10-17', '2023-10-05', 83),
(995, '2023-11-17', '2023-11-09', 83),
(996, '2023-12-17', '2023-12-08', 83),
(997, '2023-01-26', '2023-01-07', 84),
(998, '2023-02-26', '2023-02-07', 84),
(999, '2023-03-26', '2023-03-02', 84),
(1000, '2023-04-26', '2023-04-07', 84),
(1001, '2023-05-26', '2023-05-01', 84),
(1002, '2023-06-26', '2023-06-01', 84),
(1003, '2023-07-26', '2023-07-01', 84),
(1004, '2023-08-26', '2023-08-01', 84),
(1005, '2023-09-26', '2023-09-05', 84),
(1006, '2023-10-26', '2023-10-09', 84),
(1007, '2023-11-26', '2023-11-08', 84),
(1008, '2023-12-26', '2023-12-08', 84),
(1009, '2023-01-26', '2023-01-02', 85),
(1010, '2023-02-26', '2023-02-08', 85),
(1011, '2023-03-26', '2023-03-10', 85),
(1012, '2023-04-26', '2023-04-06', 85),
(1013, '2023-05-26', '2023-05-10', 85),
(1014, '2023-06-26', '2023-06-09', 85),
(1015, '2023-07-26', '2023-07-01', 85),
(1016, '2023-08-26', '2023-08-02', 85),
(1017, '2023-09-26', '2023-09-10', 85),
(1018, '2023-10-26', '2023-10-08', 85),
(1019, '2023-11-26', '2023-11-11', 85),
(1020, '2023-12-26', '2023-12-04', 85),
(1021, '2023-01-3', '2023-01-09', 86),
(1022, '2023-02-3', '2023-02-02', 86),
(1023, '2023-03-3', '2023-03-10', 86),
(1024, '2023-04-3', '2023-04-09', 86),
(1025, '2023-05-3', '2023-05-08', 86),
(1026, '2023-06-3', '2023-06-11', 86),
(1027, '2023-07-3', '2023-07-07', 86),
(1028, '2023-08-3', '2023-08-08', 86),
(1029, '2023-09-3', '2023-09-03', 86),
(1030, '2023-10-3', '2023-10-02', 86),
(1031, '2023-11-3', '2023-11-03', 86),
(1032, '2023-12-3', '2023-12-05', 86),
(1033, '2023-01-18', '2023-01-09', 87),
(1034, '2023-02-18', '2023-02-09', 87),
(1035, '2023-03-18', '2023-03-07', 87),
(1036, '2023-04-18', '2023-04-11', 87),
(1037, '2023-05-18', '2023-05-07', 87),
(1038, '2023-06-18', '2023-06-09', 87),
(1039, '2023-07-18', '2023-07-05', 87),
(1040, '2023-08-18', '2023-08-08', 87),
(1041, '2023-09-18', '2023-09-02', 87),
(1042, '2023-10-18', '2023-10-03', 87),
(1043, '2023-11-18', '2023-11-04', 87),
(1044, '2023-12-18', '2023-12-07', 87),
(1045, '2023-01-24', '2023-01-10', 88),
(1046, '2023-02-24', '2023-02-05', 88),
(1047, '2023-03-24', '2023-03-07', 88),
(1048, '2023-04-24', '2023-04-08', 88),
(1049, '2023-05-24', '2023-05-03', 88),
(1050, '2023-06-24', '2023-06-03', 88),
(1051, '2023-07-24', '2023-07-11', 88),
(1052, '2023-08-24', '2023-08-09', 88),
(1053, '2023-09-24', '2023-09-09', 88),
(1054, '2023-10-24', '2023-10-02', 88),
(1055, '2023-11-24', '2023-11-03', 88),
(1056, '2023-12-24', '2023-12-05', 88),
(1057, '2023-01-28', '2023-01-08', 89),
(1058, '2023-02-28', '2023-02-06', 89),
(1059, '2023-03-28', '2023-03-07', 89),
(1060, '2023-04-28', '2023-04-11', 89),
(1061, '2023-05-28', '2023-05-03', 89),
(1062, '2023-06-28', '2023-06-09', 89),
(1063, '2023-07-28', '2023-07-02', 89),
(1064, '2023-08-28', '2023-08-10', 89),
(1065, '2023-09-28', '2023-09-08', 89),
(1066, '2023-10-28', '2023-10-10', 89),
(1067, '2023-11-28', '2023-11-10', 89),
(1068, '2023-12-28', '2023-12-06', 89),
(1069, '2023-01-12', '2023-01-06', 90),
(1070, '2023-02-12', '2023-02-07', 90),
(1071, '2023-03-12', '2023-03-02', 90),
(1072, '2023-04-12', '2023-04-11', 90),
(1073, '2023-05-12', '2023-05-06', 90),
(1074, '2023-06-12', '2023-06-10', 90),
(1075, '2023-07-12', '2023-07-11', 90),
(1076, '2023-08-12', '2023-08-10', 90),
(1077, '2023-09-12', '2023-09-09', 90),
(1078, '2023-10-12', '2023-10-10', 90),
(1079, '2023-11-12', '2023-11-09', 90),
(1080, '2023-12-12', '2023-12-07', 90),
(1081, '2023-01-6', '2023-01-04', 91),
(1082, '2023-02-6', '2023-02-11', 91),
(1083, '2023-03-6', '2023-03-11', 91),
(1084, '2023-04-6', '2023-04-07', 91),
(1085, '2023-05-6', '2023-05-01', 91),
(1086, '2023-06-6', '2023-06-04', 91),
(1087, '2023-07-6', '2023-07-01', 91),
(1088, '2023-08-6', '2023-08-08', 91),
(1089, '2023-09-6', '2023-09-10', 91),
(1090, '2023-10-6', '2023-10-06', 91),
(1091, '2023-11-6', '2023-11-06', 91),
(1092, '2023-12-6', '2023-12-07', 91),
(1093, '2023-01-19', '2023-01-01', 92),
(1094, '2023-02-19', '2023-02-02', 92),
(1095, '2023-03-19', '2023-03-04', 92),
(1096, '2023-04-19', '2023-04-10', 92),
(1097, '2023-05-19', '2023-05-09', 92),
(1098, '2023-06-19', '2023-06-01', 92),
(1099, '2023-07-19', '2023-07-09', 92),
(1100, '2023-08-19', '2023-08-05', 92),
(1101, '2023-09-19', '2023-09-04', 92),
(1102, '2023-10-19', '2023-10-04', 92),
(1103, '2023-11-19', '2023-11-01', 92),
(1104, '2023-12-19', '2023-12-08', 92),
(1105, '2023-01-12', '2023-01-02', 93),
(1106, '2023-02-12', '2023-02-01', 93),
(1107, '2023-03-12', '2023-03-02', 93),
(1108, '2023-04-12', '2023-04-09', 93),
(1109, '2023-05-12', '2023-05-07', 93),
(1110, '2023-06-12', '2023-06-08', 93),
(1111, '2023-07-12', '2023-07-10', 93),
(1112, '2023-08-12', '2023-08-03', 93),
(1113, '2023-09-12', '2023-09-05', 93),
(1114, '2023-10-12', '2023-10-08', 93),
(1115, '2023-11-12', '2023-11-05', 93),
(1116, '2023-12-12', '2023-12-09', 93),
(1117, '2023-01-5', '2023-01-01', 94),
(1118, '2023-02-5', '2023-02-10', 94),
(1119, '2023-03-5', '2023-03-01', 94),
(1120, '2023-04-5', '2023-04-10', 94),
(1121, '2023-05-5', '2023-05-03', 94),
(1122, '2023-06-5', '2023-06-02', 94),
(1123, '2023-07-5', '2023-07-05', 94),
(1124, '2023-08-5', '2023-08-11', 94),
(1125, '2023-09-5', '2023-09-09', 94),
(1126, '2023-10-5', '2023-10-03', 94),
(1127, '2023-11-5', '2023-11-11', 94),
(1128, '2023-12-5', '2023-12-03', 94),
(1129, '2023-01-6', '2023-01-01', 95),
(1130, '2023-02-6', '2023-02-09', 95),
(1131, '2023-03-6', '2023-03-07', 95),
(1132, '2023-04-6', '2023-04-04', 95),
(1133, '2023-05-6', '2023-05-11', 95),
(1134, '2023-06-6', '2023-06-04', 95),
(1135, '2023-07-6', '2023-07-02', 95),
(1136, '2023-08-6', '2023-08-03', 95),
(1137, '2023-09-6', '2023-09-10', 95),
(1138, '2023-10-6', '2023-10-03', 95),
(1139, '2023-11-6', '2023-11-09', 95),
(1140, '2023-12-6', '2023-12-08', 95),
(1141, '2023-01-6', '2023-01-03', 96),
(1142, '2023-02-6', '2023-02-04', 96),
(1143, '2023-03-6', '2023-03-08', 96),
(1144, '2023-04-6', '2023-04-08', 96),
(1145, '2023-05-6', '2023-05-11', 96),
(1146, '2023-06-6', '2023-06-06', 96),
(1147, '2023-07-6', '2023-07-08', 96),
(1148, '2023-08-6', '2023-08-05', 96),
(1149, '2023-09-6', '2023-09-01', 96),
(1150, '2023-10-6', '2023-10-09', 96),
(1151, '2023-11-6', '2023-11-01', 96),
(1152, '2023-12-6', '2023-12-02', 96),
(1153, '2023-01-22', '2023-01-06', 97),
(1154, '2023-02-22', '2023-02-08', 97),
(1155, '2023-03-22', '2023-03-10', 97),
(1156, '2023-04-22', '2023-04-09', 97),
(1157, '2023-05-22', '2023-05-06', 97),
(1158, '2023-06-22', '2023-06-10', 97),
(1159, '2023-07-22', '2023-07-01', 97),
(1160, '2023-08-22', '2023-08-03', 97),
(1161, '2023-09-22', '2023-09-03', 97),
(1162, '2023-10-22', '2023-10-07', 97),
(1163, '2023-11-22', '2023-11-11', 97),
(1164, '2023-12-22', '2023-12-05', 97),
(1165, '2023-01-28', '2023-01-11', 98),
(1166, '2023-02-28', '2023-02-10', 98),
(1167, '2023-03-28', '2023-03-03', 98),
(1168, '2023-04-28', '2023-04-03', 98),
(1169, '2023-05-28', '2023-05-09', 98),
(1170, '2023-06-28', '2023-06-06', 98),
(1171, '2023-07-28', '2023-07-08', 98),
(1172, '2023-08-28', '2023-08-05', 98),
(1173, '2023-09-28', '2023-09-04', 98),
(1174, '2023-10-28', '2023-10-01', 98),
(1175, '2023-11-28', '2023-11-02', 98),
(1176, '2023-12-28', '2023-12-07', 98),
(1177, '2023-01-26', '2023-01-01', 99),
(1178, '2023-02-26', '2023-02-06', 99),
(1179, '2023-03-26', '2023-03-01', 99),
(1180, '2023-04-26', '2023-04-07', 99),
(1181, '2023-05-26', '2023-05-04', 99),
(1182, '2023-06-26', '2023-06-07', 99),
(1183, '2023-07-26', '2023-07-08', 99),
(1184, '2023-08-26', '2023-08-11', 99),
(1185, '2023-09-26', '2023-09-08', 99),
(1186, '2023-10-26', '2023-10-01', 99),
(1187, '2023-11-26', '2023-11-11', 99),
(1188, '2023-12-26', '2023-12-06', 99),
(1189, '2023-01-1', '2023-01-05', 100),
(1190, '2023-02-1', '2023-02-07', 100),
(1191, '2023-03-1', '2023-03-03', 100),
(1192, '2023-04-1', '2023-04-05', 100),
(1193, '2023-05-1', '2023-05-04', 100),
(1194, '2023-06-1', '2023-06-09', 100),
(1195, '2023-07-1', '2023-07-05', 100),
(1196, '2023-08-1', '2023-08-08', 100),
(1197, '2023-09-1', '2023-09-04', 100),
(1198, '2023-10-1', '2023-10-02', 100),
(1199, '2023-11-1', '2023-11-08', 100),
(1200, '2023-12-1', '2023-12-09', 100),
(1201, '2023-01-5', '2023-01-10', 101),
(1202, '2023-02-5', '2023-02-11', 101),
(1203, '2023-03-5', '2023-03-08', 101),
(1204, '2023-04-5', '2023-04-04', 101),
(1205, '2023-05-5', '2023-05-09', 101),
(1206, '2023-06-5', '2023-06-09', 101),
(1207, '2023-07-5', '2023-07-07', 101),
(1208, '2023-08-5', '2023-08-02', 101),
(1209, '2023-09-5', '2023-09-04', 101),
(1210, '2023-10-5', '2023-10-01', 101),
(1211, '2023-11-5', '2023-11-02', 101),
(1212, '2023-12-5', '2023-12-01', 101),
(1213, '2023-01-2', '2023-01-03', 102),
(1214, '2023-02-2', '2023-02-11', 102),
(1215, '2023-03-2', '2023-03-01', 102),
(1216, '2023-04-2', '2023-04-11', 102),
(1217, '2023-05-2', '2023-05-04', 102),
(1218, '2023-06-2', '2023-06-03', 102),
(1219, '2023-07-2', '2023-07-06', 102),
(1220, '2023-08-2', '2023-08-02', 102),
(1221, '2023-09-2', '2023-09-04', 102),
(1222, '2023-10-2', '2023-10-10', 102),
(1223, '2023-11-2', '2023-11-06', 102),
(1224, '2023-12-2', '2023-12-11', 102),
(1225, '2023-01-7', '2023-01-02', 103),
(1226, '2023-02-7', '2023-02-11', 103),
(1227, '2023-03-7', '2023-03-04', 103),
(1228, '2023-04-7', '2023-04-09', 103),
(1229, '2023-05-7', '2023-05-08', 103),
(1230, '2023-06-7', '2023-06-02', 103),
(1231, '2023-07-7', '2023-07-01', 103),
(1232, '2023-08-7', '2023-08-04', 103),
(1233, '2023-09-7', '2023-09-06', 103),
(1234, '2023-10-7', '2023-10-05', 103),
(1235, '2023-11-7', '2023-11-03', 103),
(1236, '2023-12-7', '2023-12-06', 103),
(1237, '2023-01-14', '2023-01-05', 104),
(1238, '2023-02-14', '2023-02-08', 104),
(1239, '2023-03-14', '2023-03-09', 104),
(1240, '2023-04-14', '2023-04-08', 104),
(1241, '2023-05-14', '2023-05-02', 104),
(1242, '2023-06-14', '2023-06-08', 104),
(1243, '2023-07-14', '2023-07-08', 104),
(1244, '2023-08-14', '2023-08-03', 104),
(1245, '2023-09-14', '2023-09-09', 104),
(1246, '2023-10-14', '2023-10-05', 104),
(1247, '2023-11-14', '2023-11-04', 104),
(1248, '2023-12-14', '2023-12-06', 104),
(1249, '2023-01-9', '2023-01-09', 105),
(1250, '2023-02-9', '2023-02-02', 105),
(1251, '2023-03-9', '2023-03-01', 105),
(1252, '2023-04-9', '2023-04-05', 105),
(1253, '2023-05-9', '2023-05-01', 105),
(1254, '2023-06-9', '2023-06-03', 105),
(1255, '2023-07-9', '2023-07-02', 105),
(1256, '2023-08-9', '2023-08-07', 105),
(1257, '2023-09-9', '2023-09-06', 105),
(1258, '2023-10-9', '2023-10-03', 105),
(1259, '2023-11-9', '2023-11-05', 105),
(1260, '2023-12-9', '2023-12-10', 105),
(1261, '2023-01-25', '2023-01-09', 106),
(1262, '2023-02-25', '2023-02-04', 106),
(1263, '2023-03-25', '2023-03-02', 106),
(1264, '2023-04-25', '2023-04-10', 106),
(1265, '2023-05-25', '2023-05-04', 106),
(1266, '2023-06-25', '2023-06-03', 106),
(1267, '2023-07-25', '2023-07-08', 106),
(1268, '2023-08-25', '2023-08-01', 106),
(1269, '2023-09-25', '2023-09-01', 106),
(1270, '2023-10-25', '2023-10-04', 106),
(1271, '2023-11-25', '2023-11-10', 106),
(1272, '2023-12-25', '2023-12-08', 106),
(1273, '2023-01-15', '2023-01-02', 107),
(1274, '2023-02-15', '2023-02-05', 107),
(1275, '2023-03-15', '2023-03-02', 107),
(1276, '2023-04-15', '2023-04-04', 107),
(1277, '2023-05-15', '2023-05-07', 107),
(1278, '2023-06-15', '2023-06-01', 107),
(1279, '2023-07-15', '2023-07-01', 107),
(1280, '2023-08-15', '2023-08-10', 107),
(1281, '2023-09-15', '2023-09-09', 107),
(1282, '2023-10-15', '2023-10-06', 107),
(1283, '2023-11-15', '2023-11-09', 107),
(1284, '2023-12-15', '2023-12-02', 107),
(1285, '2023-01-13', '2023-01-02', 108),
(1286, '2023-02-13', '2023-02-05', 108),
(1287, '2023-03-13', '2023-03-01', 108),
(1288, '2023-04-13', '2023-04-07', 108),
(1289, '2023-05-13', '2023-05-01', 108),
(1290, '2023-06-13', '2023-06-08', 108),
(1291, '2023-07-13', '2023-07-10', 108),
(1292, '2023-08-13', '2023-08-04', 108),
(1293, '2023-09-13', '2023-09-01', 108),
(1294, '2023-10-13', '2023-10-01', 108),
(1295, '2023-11-13', '2023-11-08', 108),
(1296, '2023-12-13', '2023-12-03', 108),
(1297, '2023-01-15', '2023-01-04', 109),
(1298, '2023-02-15', '2023-02-04', 109),
(1299, '2023-03-15', '2023-03-10', 109),
(1300, '2023-04-15', '2023-04-02', 109),
(1301, '2023-05-15', '2023-05-05', 109),
(1302, '2023-06-15', '2023-06-01', 109),
(1303, '2023-07-15', '2023-07-01', 109),
(1304, '2023-08-15', '2023-08-03', 109),
(1305, '2023-09-15', '2023-09-04', 109),
(1306, '2023-10-15', '2023-10-03', 109),
(1307, '2023-11-15', '2023-11-06', 109),
(1308, '2023-12-15', '2023-12-07', 109),
(1309, '2023-01-4', '2023-01-11', 110),
(1310, '2023-02-4', '2023-02-03', 110),
(1311, '2023-03-4', '2023-03-11', 110),
(1312, '2023-04-4', '2023-04-09', 110),
(1313, '2023-05-4', '2023-05-01', 110),
(1314, '2023-06-4', '2023-06-05', 110),
(1315, '2023-07-4', '2023-07-07', 110),
(1316, '2023-08-4', '2023-08-06', 110),
(1317, '2023-09-4', '2023-09-03', 110),
(1318, '2023-10-4', '2023-10-03', 110),
(1319, '2023-11-4', '2023-11-06', 110),
(1320, '2023-12-4', '2023-12-03', 110),
(1321, '2023-01-3', '2023-01-06', 111),
(1322, '2023-02-3', '2023-02-11', 111),
(1323, '2023-03-3', '2023-03-11', 111),
(1324, '2023-04-3', '2023-04-09', 111),
(1325, '2023-05-3', '2023-05-10', 111),
(1326, '2023-06-3', '2023-06-01', 111),
(1327, '2023-07-3', '2023-07-11', 111),
(1328, '2023-08-3', '2023-08-04', 111),
(1329, '2023-09-3', '2023-09-03', 111),
(1330, '2023-10-3', '2023-10-02', 111),
(1331, '2023-11-3', '2023-11-07', 111),
(1332, '2023-12-3', '2023-12-02', 111),
(1333, '2023-01-24', '2023-01-10', 112),
(1334, '2023-02-24', '2023-02-10', 112),
(1335, '2023-03-24', '2023-03-03', 112),
(1336, '2023-04-24', '2023-04-09', 112),
(1337, '2023-05-24', '2023-05-08', 112),
(1338, '2023-06-24', '2023-06-09', 112),
(1339, '2023-07-24', '2023-07-03', 112),
(1340, '2023-08-24', '2023-08-08', 112),
(1341, '2023-09-24', '2023-09-01', 112),
(1342, '2023-10-24', '2023-10-10', 112),
(1343, '2023-11-24', '2023-11-05', 112),
(1344, '2023-12-24', '2023-12-02', 112),
(1345, '2023-01-16', '2023-01-02', 113),
(1346, '2023-02-16', '2023-02-02', 113),
(1347, '2023-03-16', '2023-03-05', 113),
(1348, '2023-04-16', '2023-04-01', 113),
(1349, '2023-05-16', '2023-05-05', 113),
(1350, '2023-06-16', '2023-06-07', 113),
(1351, '2023-07-16', '2023-07-08', 113),
(1352, '2023-08-16', '2023-08-07', 113),
(1353, '2023-09-16', '2023-09-03', 113),
(1354, '2023-10-16', '2023-10-09', 113),
(1355, '2023-11-16', '2023-11-03', 113),
(1356, '2023-12-16', '2023-12-01', 113),
(1357, '2023-01-24', '2023-01-07', 114),
(1358, '2023-02-24', '2023-02-02', 114),
(1359, '2023-03-24', '2023-03-11', 114),
(1360, '2023-04-24', '2023-04-03', 114),
(1361, '2023-05-24', '2023-05-06', 114),
(1362, '2023-06-24', '2023-06-01', 114),
(1363, '2023-07-24', '2023-07-09', 114),
(1364, '2023-08-24', '2023-08-10', 114),
(1365, '2023-09-24', '2023-09-11', 114),
(1366, '2023-10-24', '2023-10-03', 114),
(1367, '2023-11-24', '2023-11-02', 114),
(1368, '2023-12-24', '2023-12-01', 114),
(1369, '2023-01-12', '2023-01-08', 115),
(1370, '2023-02-12', '2023-02-02', 115),
(1371, '2023-03-12', '2023-03-02', 115),
(1372, '2023-04-12', '2023-04-06', 115),
(1373, '2023-05-12', '2023-05-06', 115),
(1374, '2023-06-12', '2023-06-01', 115),
(1375, '2023-07-12', '2023-07-11', 115),
(1376, '2023-08-12', '2023-08-04', 115),
(1377, '2023-09-12', '2023-09-05', 115),
(1378, '2023-10-12', '2023-10-08', 115),
(1379, '2023-11-12', '2023-11-08', 115),
(1380, '2023-12-12', '2023-12-06', 115),
(1381, '2023-01-11', '2023-01-01', 116),
(1382, '2023-02-11', '2023-02-05', 116),
(1383, '2023-03-11', '2023-03-04', 116),
(1384, '2023-04-11', '2023-04-05', 116),
(1385, '2023-05-11', '2023-05-08', 116),
(1386, '2023-06-11', '2023-06-05', 116),
(1387, '2023-07-11', '2023-07-06', 116),
(1388, '2023-08-11', '2023-08-03', 116),
(1389, '2023-09-11', '2023-09-03', 116),
(1390, '2023-10-11', '2023-10-08', 116),
(1391, '2023-11-11', '2023-11-03', 116),
(1392, '2023-12-11', '2023-12-11', 116),
(1393, '2023-01-13', '2023-01-11', 117),
(1394, '2023-02-13', '2023-02-05', 117),
(1395, '2023-03-13', '2023-03-11', 117),
(1396, '2023-04-13', '2023-04-09', 117),
(1397, '2023-05-13', '2023-05-06', 117),
(1398, '2023-06-13', '2023-06-04', 117),
(1399, '2023-07-13', '2023-07-08', 117),
(1400, '2023-08-13', '2023-08-11', 117),
(1401, '2023-09-13', '2023-09-04', 117),
(1402, '2023-10-13', '2023-10-08', 117),
(1403, '2023-11-13', '2023-11-04', 117),
(1404, '2023-12-13', '2023-12-11', 117),
(1405, '2023-01-12', '2023-01-01', 118),
(1406, '2023-02-12', '2023-02-11', 118),
(1407, '2023-03-12', '2023-03-10', 118),
(1408, '2023-04-12', '2023-04-05', 118),
(1409, '2023-05-12', '2023-05-11', 118),
(1410, '2023-06-12', '2023-06-01', 118),
(1411, '2023-07-12', '2023-07-04', 118),
(1412, '2023-08-12', '2023-08-06', 118),
(1413, '2023-09-12', '2023-09-08', 118),
(1414, '2023-10-12', '2023-10-04', 118),
(1415, '2023-11-12', '2023-11-03', 118),
(1416, '2023-12-12', '2023-12-08', 118),
(1417, '2023-01-8', '2023-01-08', 119),
(1418, '2023-02-8', '2023-02-08', 119),
(1419, '2023-03-8', '2023-03-02', 119),
(1420, '2023-04-8', '2023-04-03', 119),
(1421, '2023-05-8', '2023-05-08', 119),
(1422, '2023-06-8', '2023-06-08', 119),
(1423, '2023-07-8', '2023-07-01', 119),
(1424, '2023-08-8', '2023-08-06', 119),
(1425, '2023-09-8', '2023-09-10', 119),
(1426, '2023-10-8', '2023-10-03', 119),
(1427, '2023-11-8', '2023-11-05', 119),
(1428, '2023-12-8', '2023-12-03', 119),
(1429, '2023-01-20', '2023-01-04', 120),
(1430, '2023-02-20', '2023-02-03', 120),
(1431, '2023-03-20', '2023-03-11', 120),
(1432, '2023-04-20', '2023-04-05', 120),
(1433, '2023-05-20', '2023-05-04', 120),
(1434, '2023-06-20', '2023-06-09', 120),
(1435, '2023-07-20', '2023-07-10', 120),
(1436, '2023-08-20', '2023-08-10', 120),
(1437, '2023-09-20', '2023-09-10', 120),
(1438, '2023-10-20', '2023-10-07', 120),
(1439, '2023-11-20', '2023-11-03', 120),
(1440, '2023-12-20', '2023-12-08', 120),
(1441, '2023-01-22', '2023-01-01', 121),
(1442, '2023-02-22', '2023-02-05', 121),
(1443, '2023-03-22', '2023-03-04', 121),
(1444, '2023-04-22', '2023-04-02', 121),
(1445, '2023-05-22', '2023-05-08', 121),
(1446, '2023-06-22', '2023-06-05', 121),
(1447, '2023-07-22', '2023-07-04', 121),
(1448, '2023-08-22', '2023-08-01', 121),
(1449, '2023-09-22', '2023-09-02', 121),
(1450, '2023-10-22', '2023-10-11', 121),
(1451, '2023-11-22', '2023-11-07', 121),
(1452, '2023-12-22', '2023-12-06', 121),
(1453, '2023-01-27', '2023-01-04', 122),
(1454, '2023-02-27', '2023-02-10', 122),
(1455, '2023-03-27', '2023-03-02', 122),
(1456, '2023-04-27', '2023-04-09', 122),
(1457, '2023-05-27', '2023-05-01', 122),
(1458, '2023-06-27', '2023-06-11', 122),
(1459, '2023-07-27', '2023-07-02', 122),
(1460, '2023-08-27', '2023-08-09', 122),
(1461, '2023-09-27', '2023-09-09', 122),
(1462, '2023-10-27', '2023-10-05', 122),
(1463, '2023-11-27', '2023-11-07', 122),
(1464, '2023-12-27', '2023-12-07', 122),
(1465, '2023-01-3', '2023-01-05', 123),
(1466, '2023-02-3', '2023-02-09', 123),
(1467, '2023-03-3', '2023-03-08', 123),
(1468, '2023-04-3', '2023-04-03', 123),
(1469, '2023-05-3', '2023-05-05', 123),
(1470, '2023-06-3', '2023-06-05', 123),
(1471, '2023-07-3', '2023-07-07', 123),
(1472, '2023-08-3', '2023-08-04', 123),
(1473, '2023-09-3', '2023-09-03', 123),
(1474, '2023-10-3', '2023-10-07', 123),
(1475, '2023-11-3', '2023-11-05', 123),
(1476, '2023-12-3', '2023-12-02', 123),
(1477, '2023-01-6', '2023-01-04', 124),
(1478, '2023-02-6', '2023-02-11', 124),
(1479, '2023-03-6', '2023-03-02', 124),
(1480, '2023-04-6', '2023-04-03', 124),
(1481, '2023-05-6', '2023-05-02', 124),
(1482, '2023-06-6', '2023-06-05', 124),
(1483, '2023-07-6', '2023-07-03', 124),
(1484, '2023-08-6', '2023-08-01', 124),
(1485, '2023-09-6', '2023-09-03', 124),
(1486, '2023-10-6', '2023-10-05', 124),
(1487, '2023-11-6', '2023-11-02', 124),
(1488, '2023-12-6', '2023-12-08', 124),
(1489, '2023-01-4', '2023-01-03', 125),
(1490, '2023-02-4', '2023-02-03', 125),
(1491, '2023-03-4', '2023-03-09', 125),
(1492, '2023-04-4', '2023-04-03', 125),
(1493, '2023-05-4', '2023-05-10', 125),
(1494, '2023-06-4', '2023-06-03', 125),
(1495, '2023-07-4', '2023-07-05', 125),
(1496, '2023-08-4', '2023-08-06', 125),
(1497, '2023-09-4', '2023-09-07', 125),
(1498, '2023-10-4', '2023-10-03', 125),
(1499, '2023-11-4', '2023-11-11', 125),
(1500, '2023-12-4', '2023-12-10', 125),
(1501, '2023-01-15', '2023-01-03', 126),
(1502, '2023-02-15', '2023-02-05', 126),
(1503, '2023-03-15', '2023-03-05', 126),
(1504, '2023-04-15', '2023-04-11', 126),
(1505, '2023-05-15', '2023-05-02', 126),
(1506, '2023-06-15', '2023-06-07', 126),
(1507, '2023-07-15', '2023-07-01', 126),
(1508, '2023-08-15', '2023-08-07', 126),
(1509, '2023-09-15', '2023-09-06', 126),
(1510, '2023-10-15', '2023-10-11', 126),
(1511, '2023-11-15', '2023-11-10', 126),
(1512, '2023-12-15', '2023-12-07', 126),
(1513, '2023-01-5', '2023-01-01', 127),
(1514, '2023-02-5', '2023-02-08', 127),
(1515, '2023-03-5', '2023-03-09', 127),
(1516, '2023-04-5', '2023-04-01', 127),
(1517, '2023-05-5', '2023-05-10', 127),
(1518, '2023-06-5', '2023-06-09', 127),
(1519, '2023-07-5', '2023-07-11', 127),
(1520, '2023-08-5', '2023-08-10', 127),
(1521, '2023-09-5', '2023-09-09', 127),
(1522, '2023-10-5', '2023-10-09', 127),
(1523, '2023-11-5', '2023-11-01', 127),
(1524, '2023-12-5', '2023-12-04', 127),
(1525, '2023-01-27', '2023-01-11', 128),
(1526, '2023-02-27', '2023-02-02', 128),
(1527, '2023-03-27', '2023-03-09', 128),
(1528, '2023-04-27', '2023-04-04', 128),
(1529, '2023-05-27', '2023-05-01', 128),
(1530, '2023-06-27', '2023-06-05', 128),
(1531, '2023-07-27', '2023-07-09', 128),
(1532, '2023-08-27', '2023-08-11', 128),
(1533, '2023-09-27', '2023-09-05', 128),
(1534, '2023-10-27', '2023-10-08', 128),
(1535, '2023-11-27', '2023-11-02', 128),
(1536, '2023-12-27', '2023-12-10', 128),
(1537, '2023-01-28', '2023-01-09', 129),
(1538, '2023-02-28', '2023-02-08', 129),
(1539, '2023-03-28', '2023-03-09', 129),
(1540, '2023-04-28', '2023-04-04', 129),
(1541, '2023-05-28', '2023-05-04', 129),
(1542, '2023-06-28', '2023-06-09', 129),
(1543, '2023-07-28', '2023-07-02', 129),
(1544, '2023-08-28', '2023-08-03', 129),
(1545, '2023-09-28', '2023-09-07', 129),
(1546, '2023-10-28', '2023-10-08', 129),
(1547, '2023-11-28', '2023-11-08', 129),
(1548, '2023-12-28', '2023-12-01', 129),
(1549, '2023-01-27', '2023-01-02', 130),
(1550, '2023-02-27', '2023-02-04', 130),
(1551, '2023-03-27', '2023-03-04', 130),
(1552, '2023-04-27', '2023-04-06', 130),
(1553, '2023-05-27', '2023-05-06', 130),
(1554, '2023-06-27', '2023-06-02', 130),
(1555, '2023-07-27', '2023-07-05', 130),
(1556, '2023-08-27', '2023-08-04', 130),
(1557, '2023-09-27', '2023-09-01', 130),
(1558, '2023-10-27', '2023-10-11', 130),
(1559, '2023-11-27', '2023-11-03', 130),
(1560, '2023-12-27', '2023-12-03', 130),
(1561, '2023-01-19', '2023-01-04', 131),
(1562, '2023-02-19', '2023-02-10', 131),
(1563, '2023-03-19', '2023-03-09', 131),
(1564, '2023-04-19', '2023-04-07', 131),
(1565, '2023-05-19', '2023-05-05', 131),
(1566, '2023-06-19', '2023-06-08', 131),
(1567, '2023-07-19', '2023-07-03', 131),
(1568, '2023-08-19', '2023-08-07', 131),
(1569, '2023-09-19', '2023-09-07', 131),
(1570, '2023-10-19', '2023-10-11', 131),
(1571, '2023-11-19', '2023-11-07', 131),
(1572, '2023-12-19', '2023-12-01', 131),
(1573, '2023-01-26', '2023-01-08', 132),
(1574, '2023-02-26', '2023-02-09', 132),
(1575, '2023-03-26', '2023-03-07', 132),
(1576, '2023-04-26', '2023-04-09', 132),
(1577, '2023-05-26', '2023-05-06', 132),
(1578, '2023-06-26', '2023-06-01', 132),
(1579, '2023-07-26', '2023-07-07', 132),
(1580, '2023-08-26', '2023-08-07', 132),
(1581, '2023-09-26', '2023-09-08', 132),
(1582, '2023-10-26', '2023-10-03', 132),
(1583, '2023-11-26', '2023-11-02', 132),
(1584, '2023-12-26', '2023-12-01', 132),
(1585, '2023-01-12', '2023-01-01', 133),
(1586, '2023-02-12', '2023-02-08', 133),
(1587, '2023-03-12', '2023-03-07', 133),
(1588, '2023-04-12', '2023-04-05', 133),
(1589, '2023-05-12', '2023-05-11', 133),
(1590, '2023-06-12', '2023-06-11', 133),
(1591, '2023-07-12', '2023-07-02', 133),
(1592, '2023-08-12', '2023-08-01', 133),
(1593, '2023-09-12', '2023-09-08', 133),
(1594, '2023-10-12', '2023-10-11', 133),
(1595, '2023-11-12', '2023-11-04', 133),
(1596, '2023-12-12', '2023-12-05', 133),
(1597, '2023-01-25', '2023-01-11', 134),
(1598, '2023-02-25', '2023-02-08', 134),
(1599, '2023-03-25', '2023-03-06', 134),
(1600, '2023-04-25', '2023-04-08', 134),
(1601, '2023-05-25', '2023-05-05', 134),
(1602, '2023-06-25', '2023-06-03', 134),
(1603, '2023-07-25', '2023-07-11', 134),
(1604, '2023-08-25', '2023-08-07', 134),
(1605, '2023-09-25', '2023-09-02', 134),
(1606, '2023-10-25', '2023-10-04', 134),
(1607, '2023-11-25', '2023-11-09', 134),
(1608, '2023-12-25', '2023-12-08', 134),
(1609, '2023-01-23', '2023-01-09', 135),
(1610, '2023-02-23', '2023-02-11', 135),
(1611, '2023-03-23', '2023-03-02', 135),
(1612, '2023-04-23', '2023-04-02', 135),
(1613, '2023-05-23', '2023-05-03', 135),
(1614, '2023-06-23', '2023-06-07', 135),
(1615, '2023-07-23', '2023-07-08', 135),
(1616, '2023-08-23', '2023-08-04', 135),
(1617, '2023-09-23', '2023-09-03', 135),
(1618, '2023-10-23', '2023-10-09', 135),
(1619, '2023-11-23', '2023-11-01', 135),
(1620, '2023-12-23', '2023-12-07', 135),
(1621, '2023-01-27', '2023-01-04', 136),
(1622, '2023-02-27', '2023-02-06', 136),
(1623, '2023-03-27', '2023-03-04', 136),
(1624, '2023-04-27', '2023-04-07', 136),
(1625, '2023-05-27', '2023-05-07', 136),
(1626, '2023-06-27', '2023-06-01', 136),
(1627, '2023-07-27', '2023-07-06', 136),
(1628, '2023-08-27', '2023-08-06', 136),
(1629, '2023-09-27', '2023-09-06', 136),
(1630, '2023-10-27', '2023-10-06', 136),
(1631, '2023-11-27', '2023-11-08', 136),
(1632, '2023-12-27', '2023-12-02', 136),
(1633, '2023-01-7', '2023-01-08', 137),
(1634, '2023-02-7', '2023-02-06', 137),
(1635, '2023-03-7', '2023-03-02', 137),
(1636, '2023-04-7', '2023-04-02', 137),
(1637, '2023-05-7', '2023-05-03', 137),
(1638, '2023-06-7', '2023-06-03', 137),
(1639, '2023-07-7', '2023-07-08', 137),
(1640, '2023-08-7', '2023-08-06', 137),
(1641, '2023-09-7', '2023-09-08', 137),
(1642, '2023-10-7', '2023-10-02', 137),
(1643, '2023-11-7', '2023-11-01', 137),
(1644, '2023-12-7', '2023-12-11', 137),
(1645, '2023-01-10', '2023-01-09', 138),
(1646, '2023-02-10', '2023-02-05', 138),
(1647, '2023-03-10', '2023-03-11', 138),
(1648, '2023-04-10', '2023-04-09', 138),
(1649, '2023-05-10', '2023-05-08', 138),
(1650, '2023-06-10', '2023-06-08', 138),
(1651, '2023-07-10', '2023-07-09', 138),
(1652, '2023-08-10', '2023-08-11', 138),
(1653, '2023-09-10', '2023-09-03', 138),
(1654, '2023-10-10', '2023-10-09', 138),
(1655, '2023-11-10', '2023-11-03', 138),
(1656, '2023-12-10', '2023-12-04', 138),
(1657, '2023-01-14', '2023-01-04', 139),
(1658, '2023-02-14', '2023-02-03', 139),
(1659, '2023-03-14', '2023-03-03', 139),
(1660, '2023-04-14', '2023-04-07', 139),
(1661, '2023-05-14', '2023-05-10', 139),
(1662, '2023-06-14', '2023-06-09', 139),
(1663, '2023-07-14', '2023-07-03', 139),
(1664, '2023-08-14', '2023-08-03', 139),
(1665, '2023-09-14', '2023-09-07', 139),
(1666, '2023-10-14', '2023-10-06', 139),
(1667, '2023-11-14', '2023-11-10', 139),
(1668, '2023-12-14', '2023-12-03', 139),
(1669, '2023-01-24', '2023-01-02', 140),
(1670, '2023-02-24', '2023-02-11', 140),
(1671, '2023-03-24', '2023-03-05', 140),
(1672, '2023-04-24', '2023-04-01', 140),
(1673, '2023-05-24', '2023-05-04', 140),
(1674, '2023-06-24', '2023-06-06', 140),
(1675, '2023-07-24', '2023-07-11', 140),
(1676, '2023-08-24', '2023-08-04', 140),
(1677, '2023-09-24', '2023-09-05', 140),
(1678, '2023-10-24', '2023-10-03', 140),
(1679, '2023-11-24', '2023-11-06', 140),
(1680, '2023-12-24', '2023-12-10', 140),
(1681, '2023-01-15', '2023-01-04', 141),
(1682, '2023-02-15', '2023-02-08', 141),
(1683, '2023-03-15', '2023-03-10', 141),
(1684, '2023-04-15', '2023-04-06', 141),
(1685, '2023-05-15', '2023-05-07', 141),
(1686, '2023-06-15', '2023-06-10', 141),
(1687, '2023-07-15', '2023-07-11', 141),
(1688, '2023-08-15', '2023-08-05', 141),
(1689, '2023-09-15', '2023-09-08', 141),
(1690, '2023-10-15', '2023-10-08', 141),
(1691, '2023-11-15', '2023-11-10', 141),
(1692, '2023-12-15', '2023-12-11', 141),
(1693, '2023-01-7', '2023-01-03', 142),
(1694, '2023-02-7', '2023-02-10', 142),
(1695, '2023-03-7', '2023-03-11', 142),
(1696, '2023-04-7', '2023-04-11', 142),
(1697, '2023-05-7', '2023-05-10', 142),
(1698, '2023-06-7', '2023-06-03', 142),
(1699, '2023-07-7', '2023-07-07', 142),
(1700, '2023-08-7', '2023-08-03', 142),
(1701, '2023-09-7', '2023-09-04', 142),
(1702, '2023-10-7', '2023-10-06', 142),
(1703, '2023-11-7', '2023-11-10', 142),
(1704, '2023-12-7', '2023-12-09', 142),
(1705, '2023-01-1', '2023-01-03', 143),
(1706, '2023-02-1', '2023-02-10', 143),
(1707, '2023-03-1', '2023-03-08', 143),
(1708, '2023-04-1', '2023-04-04', 143),
(1709, '2023-05-1', '2023-05-06', 143),
(1710, '2023-06-1', '2023-06-07', 143),
(1711, '2023-07-1', '2023-07-08', 143),
(1712, '2023-08-1', '2023-08-10', 143),
(1713, '2023-09-1', '2023-09-10', 143),
(1714, '2023-10-1', '2023-10-02', 143),
(1715, '2023-11-1', '2023-11-02', 143),
(1716, '2023-12-1', '2023-12-01', 143),
(1717, '2023-01-9', '2023-01-01', 144),
(1718, '2023-02-9', '2023-02-06', 144),
(1719, '2023-03-9', '2023-03-01', 144),
(1720, '2023-04-9', '2023-04-08', 144),
(1721, '2023-05-9', '2023-05-07', 144),
(1722, '2023-06-9', '2023-06-02', 144),
(1723, '2023-07-9', '2023-07-02', 144),
(1724, '2023-08-9', '2023-08-08', 144),
(1725, '2023-09-9', '2023-09-11', 144),
(1726, '2023-10-9', '2023-10-09', 144),
(1727, '2023-11-9', '2023-11-11', 144),
(1728, '2023-12-9', '2023-12-05', 144),
(1729, '2023-01-9', '2023-01-08', 145),
(1730, '2023-02-9', '2023-02-05', 145),
(1731, '2023-03-9', '2023-03-05', 145),
(1732, '2023-04-9', '2023-04-08', 145),
(1733, '2023-05-9', '2023-05-06', 145),
(1734, '2023-06-9', '2023-06-08', 145),
(1735, '2023-07-9', '2023-07-06', 145),
(1736, '2023-08-9', '2023-08-02', 145),
(1737, '2023-09-9', '2023-09-08', 145),
(1738, '2023-10-9', '2023-10-03', 145),
(1739, '2023-11-9', '2023-11-09', 145),
(1740, '2023-12-9', '2023-12-04', 145),
(1741, '2023-01-3', '2023-01-06', 146),
(1742, '2023-02-3', '2023-02-03', 146),
(1743, '2023-03-3', '2023-03-05', 146),
(1744, '2023-04-3', '2023-04-04', 146),
(1745, '2023-05-3', '2023-05-11', 146),
(1746, '2023-06-3', '2023-06-02', 146),
(1747, '2023-07-3', '2023-07-01', 146),
(1748, '2023-08-3', '2023-08-09', 146),
(1749, '2023-09-3', '2023-09-02', 146),
(1750, '2023-10-3', '2023-10-02', 146),
(1751, '2023-11-3', '2023-11-07', 146),
(1752, '2023-12-3', '2023-12-05', 146),
(1753, '2023-01-26', '2023-01-08', 147),
(1754, '2023-02-26', '2023-02-06', 147),
(1755, '2023-03-26', '2023-03-02', 147),
(1756, '2023-04-26', '2023-04-08', 147),
(1757, '2023-05-26', '2023-05-02', 147),
(1758, '2023-06-26', '2023-06-03', 147),
(1759, '2023-07-26', '2023-07-08', 147),
(1760, '2023-08-26', '2023-08-05', 147),
(1761, '2023-09-26', '2023-09-05', 147),
(1762, '2023-10-26', '2023-10-02', 147),
(1763, '2023-11-26', '2023-11-05', 147),
(1764, '2023-12-26', '2023-12-10', 147),
(1765, '2023-01-21', '2023-01-10', 148),
(1766, '2023-02-21', '2023-02-01', 148),
(1767, '2023-03-21', '2023-03-01', 148),
(1768, '2023-04-21', '2023-04-02', 148),
(1769, '2023-05-21', '2023-05-11', 148),
(1770, '2023-06-21', '2023-06-03', 148),
(1771, '2023-07-21', '2023-07-08', 148),
(1772, '2023-08-21', '2023-08-02', 148),
(1773, '2023-09-21', '2023-09-09', 148),
(1774, '2023-10-21', '2023-10-07', 148),
(1775, '2023-11-21', '2023-11-10', 148),
(1776, '2023-12-21', '2023-12-09', 148),
(1777, '2023-01-26', '2023-01-05', 149),
(1778, '2023-02-26', '2023-02-04', 149),
(1779, '2023-03-26', '2023-03-05', 149),
(1780, '2023-04-26', '2023-04-06', 149),
(1781, '2023-05-26', '2023-05-10', 149),
(1782, '2023-06-26', '2023-06-09', 149),
(1783, '2023-07-26', '2023-07-05', 149),
(1784, '2023-08-26', '2023-08-07', 149),
(1785, '2023-09-26', '2023-09-01', 149),
(1786, '2023-10-26', '2023-10-09', 149),
(1787, '2023-11-26', '2023-11-03', 149),
(1788, '2023-12-26', '2023-12-01', 149),
(1789, '2023-01-16', '2023-01-08', 150),
(1790, '2023-02-16', '2023-02-11', 150),
(1791, '2023-03-16', '2023-03-01', 150),
(1792, '2023-04-16', '2023-04-11', 150),
(1793, '2023-05-16', '2023-05-07', 150),
(1794, '2023-06-16', '2023-06-04', 150),
(1795, '2023-07-16', '2023-07-02', 150),
(1796, '2023-08-16', '2023-08-03', 150),
(1797, '2023-09-16', '2023-09-09', 150),
(1798, '2023-10-16', '2023-10-04', 150),
(1799, '2023-11-16', '2023-11-05', 150),
(1800, '2023-12-16', '2023-12-03', 150),
(1801, '2023-01-28', '2023-01-08', 151),
(1802, '2023-02-28', '2023-02-09', 151),
(1803, '2023-03-28', '2023-03-06', 151),
(1804, '2023-04-28', '2023-04-07', 151),
(1805, '2023-05-28', '2023-05-06', 151),
(1806, '2023-06-28', '2023-06-04', 151),
(1807, '2023-07-28', '2023-07-06', 151),
(1808, '2023-08-28', '2023-08-05', 151),
(1809, '2023-09-28', '2023-09-10', 151),
(1810, '2023-10-28', '2023-10-01', 151),
(1811, '2023-11-28', '2023-11-09', 151),
(1812, '2023-12-28', '2023-12-09', 151),
(1813, '2023-01-24', '2023-01-05', 152),
(1814, '2023-02-24', '2023-02-01', 152),
(1815, '2023-03-24', '2023-03-09', 152),
(1816, '2023-04-24', '2023-04-02', 152),
(1817, '2023-05-24', '2023-05-07', 152),
(1818, '2023-06-24', '2023-06-11', 152),
(1819, '2023-07-24', '2023-07-11', 152),
(1820, '2023-08-24', '2023-08-10', 152),
(1821, '2023-09-24', '2023-09-05', 152),
(1822, '2023-10-24', '2023-10-05', 152),
(1823, '2023-11-24', '2023-11-01', 152),
(1824, '2023-12-24', '2023-12-06', 152),
(1825, '2023-01-3', '2023-01-01', 153),
(1826, '2023-02-3', '2023-02-02', 153),
(1827, '2023-03-3', '2023-03-05', 153),
(1828, '2023-04-3', '2023-04-05', 153),
(1829, '2023-05-3', '2023-05-08', 153),
(1830, '2023-06-3', '2023-06-07', 153),
(1831, '2023-07-3', '2023-07-11', 153),
(1832, '2023-08-3', '2023-08-01', 153),
(1833, '2023-09-3', '2023-09-01', 153),
(1834, '2023-10-3', '2023-10-05', 153),
(1835, '2023-11-3', '2023-11-04', 153),
(1836, '2023-12-3', '2023-12-05', 153),
(1837, '2023-01-17', '2023-01-08', 154),
(1838, '2023-02-17', '2023-02-09', 154),
(1839, '2023-03-17', '2023-03-01', 154),
(1840, '2023-04-17', '2023-04-09', 154),
(1841, '2023-05-17', '2023-05-09', 154),
(1842, '2023-06-17', '2023-06-05', 154),
(1843, '2023-07-17', '2023-07-03', 154),
(1844, '2023-08-17', '2023-08-03', 154),
(1845, '2023-09-17', '2023-09-08', 154),
(1846, '2023-10-17', '2023-10-04', 154),
(1847, '2023-11-17', '2023-11-02', 154),
(1848, '2023-12-17', '2023-12-04', 154),
(1849, '2023-01-15', '2023-01-08', 155),
(1850, '2023-02-15', '2023-02-07', 155),
(1851, '2023-03-15', '2023-03-03', 155),
(1852, '2023-04-15', '2023-04-09', 155),
(1853, '2023-05-15', '2023-05-04', 155),
(1854, '2023-06-15', '2023-06-01', 155),
(1855, '2023-07-15', '2023-07-10', 155),
(1856, '2023-08-15', '2023-08-09', 155),
(1857, '2023-09-15', '2023-09-09', 155),
(1858, '2023-10-15', '2023-10-02', 155),
(1859, '2023-11-15', '2023-11-05', 155),
(1860, '2023-12-15', '2023-12-10', 155),
(1861, '2023-01-11', '2023-01-07', 156),
(1862, '2023-02-11', '2023-02-02', 156),
(1863, '2023-03-11', '2023-03-10', 156),
(1864, '2023-04-11', '2023-04-01', 156),
(1865, '2023-05-11', '2023-05-05', 156),
(1866, '2023-06-11', '2023-06-05', 156),
(1867, '2023-07-11', '2023-07-08', 156),
(1868, '2023-08-11', '2023-08-05', 156),
(1869, '2023-09-11', '2023-09-04', 156),
(1870, '2023-10-11', '2023-10-11', 156),
(1871, '2023-11-11', '2023-11-03', 156),
(1872, '2023-12-11', '2023-12-07', 156),
(1873, '2023-01-19', '2023-01-10', 157),
(1874, '2023-02-19', '2023-02-10', 157),
(1875, '2023-03-19', '2023-03-08', 157),
(1876, '2023-04-19', '2023-04-02', 157),
(1877, '2023-05-19', '2023-05-05', 157),
(1878, '2023-06-19', '2023-06-01', 157),
(1879, '2023-07-19', '2023-07-08', 157),
(1880, '2023-08-19', '2023-08-06', 157),
(1881, '2023-09-19', '2023-09-07', 157),
(1882, '2023-10-19', '2023-10-03', 157),
(1883, '2023-11-19', '2023-11-06', 157),
(1884, '2023-12-19', '2023-12-07', 157),
(1885, '2023-01-16', '2023-01-01', 158),
(1886, '2023-02-16', '2023-02-07', 158),
(1887, '2023-03-16', '2023-03-10', 158),
(1888, '2023-04-16', '2023-04-03', 158),
(1889, '2023-05-16', '2023-05-06', 158),
(1890, '2023-06-16', '2023-06-02', 158),
(1891, '2023-07-16', '2023-07-10', 158),
(1892, '2023-08-16', '2023-08-03', 158),
(1893, '2023-09-16', '2023-09-04', 158),
(1894, '2023-10-16', '2023-10-02', 158),
(1895, '2023-11-16', '2023-11-04', 158),
(1896, '2023-12-16', '2023-12-08', 158),
(1897, '2023-01-1', '2023-01-10', 159),
(1898, '2023-02-1', '2023-02-07', 159),
(1899, '2023-03-1', '2023-03-08', 159),
(1900, '2023-04-1', '2023-04-11', 159),
(1901, '2023-05-1', '2023-05-03', 159),
(1902, '2023-06-1', '2023-06-06', 159),
(1903, '2023-07-1', '2023-07-02', 159),
(1904, '2023-08-1', '2023-08-03', 159),
(1905, '2023-09-1', '2023-09-10', 159),
(1906, '2023-10-1', '2023-10-07', 159),
(1907, '2023-11-1', '2023-11-04', 159),
(1908, '2023-12-1', '2023-12-05', 159),
(1909, '2023-01-20', '2023-01-01', 160),
(1910, '2023-02-20', '2023-02-09', 160),
(1911, '2023-03-20', '2023-03-04', 160),
(1912, '2023-04-20', '2023-04-09', 160),
(1913, '2023-05-20', '2023-05-04', 160),
(1914, '2023-06-20', '2023-06-11', 160),
(1915, '2023-07-20', '2023-07-10', 160),
(1916, '2023-08-20', '2023-08-03', 160),
(1917, '2023-09-20', '2023-09-09', 160),
(1918, '2023-10-20', '2023-10-11', 160),
(1919, '2023-11-20', '2023-11-09', 160),
(1920, '2023-12-20', '2023-12-03', 160),
(1921, '2023-01-14', '2023-01-10', 161),
(1922, '2023-02-14', '2023-02-04', 161),
(1923, '2023-03-14', '2023-03-10', 161),
(1924, '2023-04-14', '2023-04-08', 161),
(1925, '2023-05-14', '2023-05-07', 161),
(1926, '2023-06-14', '2023-06-10', 161),
(1927, '2023-07-14', '2023-07-03', 161),
(1928, '2023-08-14', '2023-08-11', 161),
(1929, '2023-09-14', '2023-09-06', 161),
(1930, '2023-10-14', '2023-10-01', 161),
(1931, '2023-11-14', '2023-11-09', 161),
(1932, '2023-12-14', '2023-12-09', 161),
(1933, '2023-01-12', '2023-01-08', 162),
(1934, '2023-02-12', '2023-02-03', 162),
(1935, '2023-03-12', '2023-03-10', 162),
(1936, '2023-04-12', '2023-04-03', 162),
(1937, '2023-05-12', '2023-05-04', 162),
(1938, '2023-06-12', '2023-06-09', 162),
(1939, '2023-07-12', '2023-07-07', 162),
(1940, '2023-08-12', '2023-08-02', 162),
(1941, '2023-09-12', '2023-09-05', 162),
(1942, '2023-10-12', '2023-10-05', 162),
(1943, '2023-11-12', '2023-11-06', 162),
(1944, '2023-12-12', '2023-12-01', 162),
(1945, '2023-01-27', '2023-01-02', 163),
(1946, '2023-02-27', '2023-02-10', 163),
(1947, '2023-03-27', '2023-03-06', 163),
(1948, '2023-04-27', '2023-04-04', 163),
(1949, '2023-05-27', '2023-05-04', 163),
(1950, '2023-06-27', '2023-06-08', 163),
(1951, '2023-07-27', '2023-07-02', 163),
(1952, '2023-08-27', '2023-08-01', 163),
(1953, '2023-09-27', '2023-09-10', 163),
(1954, '2023-10-27', '2023-10-11', 163),
(1955, '2023-11-27', '2023-11-10', 163),
(1956, '2023-12-27', '2023-12-10', 163),
(1957, '2023-01-9', '2023-01-09', 164),
(1958, '2023-02-9', '2023-02-10', 164),
(1959, '2023-03-9', '2023-03-04', 164),
(1960, '2023-04-9', '2023-04-07', 164),
(1961, '2023-05-9', '2023-05-03', 164),
(1962, '2023-06-9', '2023-06-11', 164),
(1963, '2023-07-9', '2023-07-04', 164),
(1964, '2023-08-9', '2023-08-08', 164),
(1965, '2023-09-9', '2023-09-06', 164),
(1966, '2023-10-9', '2023-10-08', 164),
(1967, '2023-11-9', '2023-11-04', 164),
(1968, '2023-12-9', '2023-12-02', 164),
(1969, '2023-01-5', '2023-01-06', 165),
(1970, '2023-02-5', '2023-02-10', 165),
(1971, '2023-03-5', '2023-03-05', 165),
(1972, '2023-04-5', '2023-04-09', 165),
(1973, '2023-05-5', '2023-05-07', 165),
(1974, '2023-06-5', '2023-06-09', 165),
(1975, '2023-07-5', '2023-07-11', 165),
(1976, '2023-08-5', '2023-08-10', 165),
(1977, '2023-09-5', '2023-09-09', 165),
(1978, '2023-10-5', '2023-10-07', 165),
(1979, '2023-11-5', '2023-11-10', 165),
(1980, '2023-12-5', '2023-12-01', 165),
(1981, '2023-01-20', '2023-01-03', 166),
(1982, '2023-02-20', '2023-02-02', 166),
(1983, '2023-03-20', '2023-03-09', 166),
(1984, '2023-04-20', '2023-04-06', 166),
(1985, '2023-05-20', '2023-05-06', 166),
(1986, '2023-06-20', '2023-06-07', 166),
(1987, '2023-07-20', '2023-07-08', 166),
(1988, '2023-08-20', '2023-08-11', 166),
(1989, '2023-09-20', '2023-09-08', 166),
(1990, '2023-10-20', '2023-10-10', 166),
(1991, '2023-11-20', '2023-11-02', 166),
(1992, '2023-12-20', '2023-12-11', 166),
(1993, '2023-01-21', '2023-01-05', 167),
(1994, '2023-02-21', '2023-02-05', 167),
(1995, '2023-03-21', '2023-03-01', 167),
(1996, '2023-04-21', '2023-04-10', 167),
(1997, '2023-05-21', '2023-05-08', 167),
(1998, '2023-06-21', '2023-06-03', 167),
(1999, '2023-07-21', '2023-07-09', 167),
(2000, '2023-08-21', '2023-08-08', 167),
(2001, '2023-09-21', '2023-09-06', 167),
(2002, '2023-10-21', '2023-10-07', 167),
(2003, '2023-11-21', '2023-11-05', 167),
(2004, '2023-12-21', '2023-12-08', 167),
(2005, '2023-01-24', '2023-01-07', 168),
(2006, '2023-02-24', '2023-02-05', 168),
(2007, '2023-03-24', '2023-03-09', 168),
(2008, '2023-04-24', '2023-04-04', 168),
(2009, '2023-05-24', '2023-05-09', 168),
(2010, '2023-06-24', '2023-06-11', 168),
(2011, '2023-07-24', '2023-07-11', 168),
(2012, '2023-08-24', '2023-08-02', 168),
(2013, '2023-09-24', '2023-09-03', 168),
(2014, '2023-10-24', '2023-10-01', 168),
(2015, '2023-11-24', '2023-11-06', 168),
(2016, '2023-12-24', '2023-12-05', 168),
(2017, '2023-01-6', '2023-01-11', 169),
(2018, '2023-02-6', '2023-02-11', 169),
(2019, '2023-03-6', '2023-03-02', 169),
(2020, '2023-04-6', '2023-04-07', 169),
(2021, '2023-05-6', '2023-05-05', 169),
(2022, '2023-06-6', '2023-06-04', 169),
(2023, '2023-07-6', '2023-07-05', 169),
(2024, '2023-08-6', '2023-08-08', 169),
(2025, '2023-09-6', '2023-09-06', 169),
(2026, '2023-10-6', '2023-10-09', 169),
(2027, '2023-11-6', '2023-11-05', 169),
(2028, '2023-12-6', '2023-12-09', 169),
(2029, '2023-01-18', '2023-01-10', 170),
(2030, '2023-02-18', '2023-02-06', 170),
(2031, '2023-03-18', '2023-03-10', 170),
(2032, '2023-04-18', '2023-04-08', 170),
(2033, '2023-05-18', '2023-05-11', 170),
(2034, '2023-06-18', '2023-06-09', 170),
(2035, '2023-07-18', '2023-07-11', 170),
(2036, '2023-08-18', '2023-08-02', 170),
(2037, '2023-09-18', '2023-09-08', 170),
(2038, '2023-10-18', '2023-10-01', 170),
(2039, '2023-11-18', '2023-11-05', 170),
(2040, '2023-12-18', '2023-12-01', 170),
(2041, '2023-01-5', '2023-01-11', 171),
(2042, '2023-02-5', '2023-02-08', 171),
(2043, '2023-03-5', '2023-03-03', 171),
(2044, '2023-04-5', '2023-04-03', 171),
(2045, '2023-05-5', '2023-05-06', 171),
(2046, '2023-06-5', '2023-06-05', 171),
(2047, '2023-07-5', '2023-07-05', 171),
(2048, '2023-08-5', '2023-08-03', 171),
(2049, '2023-09-5', '2023-09-08', 171),
(2050, '2023-10-5', '2023-10-08', 171),
(2051, '2023-11-5', '2023-11-10', 171),
(2052, '2023-12-5', '2023-12-04', 171),
(2053, '2023-01-21', '2023-01-06', 172),
(2054, '2023-02-21', '2023-02-10', 172),
(2055, '2023-03-21', '2023-03-01', 172),
(2056, '2023-04-21', '2023-04-02', 172),
(2057, '2023-05-21', '2023-05-10', 172),
(2058, '2023-06-21', '2023-06-04', 172),
(2059, '2023-07-21', '2023-07-06', 172),
(2060, '2023-08-21', '2023-08-07', 172),
(2061, '2023-09-21', '2023-09-04', 172),
(2062, '2023-10-21', '2023-10-01', 172),
(2063, '2023-11-21', '2023-11-04', 172),
(2064, '2023-12-21', '2023-12-03', 172),
(2065, '2023-01-7', '2023-01-11', 173),
(2066, '2023-02-7', '2023-02-06', 173),
(2067, '2023-03-7', '2023-03-07', 173),
(2068, '2023-04-7', '2023-04-03', 173),
(2069, '2023-05-7', '2023-05-09', 173),
(2070, '2023-06-7', '2023-06-05', 173),
(2071, '2023-07-7', '2023-07-05', 173),
(2072, '2023-08-7', '2023-08-07', 173),
(2073, '2023-09-7', '2023-09-06', 173),
(2074, '2023-10-7', '2023-10-01', 173),
(2075, '2023-11-7', '2023-11-09', 173),
(2076, '2023-12-7', '2023-12-03', 173),
(2077, '2023-01-6', '2023-01-05', 174),
(2078, '2023-02-6', '2023-02-06', 174),
(2079, '2023-03-6', '2023-03-08', 174),
(2080, '2023-04-6', '2023-04-01', 174),
(2081, '2023-05-6', '2023-05-02', 174),
(2082, '2023-06-6', '2023-06-11', 174),
(2083, '2023-07-6', '2023-07-06', 174),
(2084, '2023-08-6', '2023-08-05', 174),
(2085, '2023-09-6', '2023-09-02', 174),
(2086, '2023-10-6', '2023-10-06', 174),
(2087, '2023-11-6', '2023-11-07', 174),
(2088, '2023-12-6', '2023-12-05', 174),
(2089, '2023-01-25', '2023-01-01', 175),
(2090, '2023-02-25', '2023-02-08', 175),
(2091, '2023-03-25', '2023-03-04', 175),
(2092, '2023-04-25', '2023-04-02', 175),
(2093, '2023-05-25', '2023-05-09', 175),
(2094, '2023-06-25', '2023-06-06', 175),
(2095, '2023-07-25', '2023-07-03', 175),
(2096, '2023-08-25', '2023-08-01', 175),
(2097, '2023-09-25', '2023-09-08', 175),
(2098, '2023-10-25', '2023-10-05', 175),
(2099, '2023-11-25', '2023-11-05', 175),
(2100, '2023-12-25', '2023-12-06', 175),
(2101, '2023-01-16', '2023-01-06', 176),
(2102, '2023-02-16', '2023-02-06', 176),
(2103, '2023-03-16', '2023-03-02', 176),
(2104, '2023-04-16', '2023-04-07', 176),
(2105, '2023-05-16', '2023-05-09', 176),
(2106, '2023-06-16', '2023-06-11', 176),
(2107, '2023-07-16', '2023-07-10', 176),
(2108, '2023-08-16', '2023-08-08', 176),
(2109, '2023-09-16', '2023-09-11', 176),
(2110, '2023-10-16', '2023-10-01', 176),
(2111, '2023-11-16', '2023-11-02', 176),
(2112, '2023-12-16', '2023-12-07', 176),
(2113, '2023-01-15', '2023-01-09', 177),
(2114, '2023-02-15', '2023-02-01', 177),
(2115, '2023-03-15', '2023-03-08', 177),
(2116, '2023-04-15', '2023-04-02', 177),
(2117, '2023-05-15', '2023-05-02', 177),
(2118, '2023-06-15', '2023-06-03', 177),
(2119, '2023-07-15', '2023-07-01', 177),
(2120, '2023-08-15', '2023-08-07', 177),
(2121, '2023-09-15', '2023-09-07', 177),
(2122, '2023-10-15', '2023-10-03', 177),
(2123, '2023-11-15', '2023-11-10', 177),
(2124, '2023-12-15', '2023-12-06', 177),
(2125, '2023-01-2', '2023-01-07', 178),
(2126, '2023-02-2', '2023-02-10', 178),
(2127, '2023-03-2', '2023-03-05', 178),
(2128, '2023-04-2', '2023-04-11', 178),
(2129, '2023-05-2', '2023-05-05', 178),
(2130, '2023-06-2', '2023-06-10', 178),
(2131, '2023-07-2', '2023-07-06', 178),
(2132, '2023-08-2', '2023-08-05', 178),
(2133, '2023-09-2', '2023-09-01', 178),
(2134, '2023-10-2', '2023-10-02', 178),
(2135, '2023-11-2', '2023-11-05', 178),
(2136, '2023-12-2', '2023-12-06', 178),
(2137, '2023-01-11', '2023-01-09', 179),
(2138, '2023-02-11', '2023-02-02', 179),
(2139, '2023-03-11', '2023-03-05', 179),
(2140, '2023-04-11', '2023-04-04', 179),
(2141, '2023-05-11', '2023-05-01', 179),
(2142, '2023-06-11', '2023-06-11', 179),
(2143, '2023-07-11', '2023-07-05', 179),
(2144, '2023-08-11', '2023-08-02', 179),
(2145, '2023-09-11', '2023-09-10', 179),
(2146, '2023-10-11', '2023-10-10', 179),
(2147, '2023-11-11', '2023-11-08', 179),
(2148, '2023-12-11', '2023-12-07', 179),
(2149, '2023-01-14', '2023-01-09', 180),
(2150, '2023-02-14', '2023-02-05', 180),
(2151, '2023-03-14', '2023-03-05', 180),
(2152, '2023-04-14', '2023-04-02', 180),
(2153, '2023-05-14', '2023-05-07', 180),
(2154, '2023-06-14', '2023-06-08', 180),
(2155, '2023-07-14', '2023-07-02', 180),
(2156, '2023-08-14', '2023-08-02', 180),
(2157, '2023-09-14', '2023-09-01', 180),
(2158, '2023-10-14', '2023-10-04', 180),
(2159, '2023-11-14', '2023-11-09', 180),
(2160, '2023-12-14', '2023-12-02', 180),
(2161, '2023-01-10', '2023-01-07', 181),
(2162, '2023-02-10', '2023-02-06', 181),
(2163, '2023-03-10', '2023-03-06', 181),
(2164, '2023-04-10', '2023-04-03', 181),
(2165, '2023-05-10', '2023-05-08', 181),
(2166, '2023-06-10', '2023-06-05', 181),
(2167, '2023-07-10', '2023-07-09', 181),
(2168, '2023-08-10', '2023-08-06', 181),
(2169, '2023-09-10', '2023-09-03', 181),
(2170, '2023-10-10', '2023-10-07', 181),
(2171, '2023-11-10', '2023-11-11', 181),
(2172, '2023-12-10', '2023-12-01', 181),
(2173, '2023-01-9', '2023-01-05', 182),
(2174, '2023-02-9', '2023-02-11', 182),
(2175, '2023-03-9', '2023-03-04', 182),
(2176, '2023-04-9', '2023-04-11', 182),
(2177, '2023-05-9', '2023-05-01', 182),
(2178, '2023-06-9', '2023-06-04', 182),
(2179, '2023-07-9', '2023-07-06', 182),
(2180, '2023-08-9', '2023-08-05', 182),
(2181, '2023-09-9', '2023-09-02', 182),
(2182, '2023-10-9', '2023-10-10', 182),
(2183, '2023-11-9', '2023-11-05', 182),
(2184, '2023-12-9', '2023-12-11', 182),
(2185, '2023-01-2', '2023-01-02', 183),
(2186, '2023-02-2', '2023-02-10', 183),
(2187, '2023-03-2', '2023-03-07', 183),
(2188, '2023-04-2', '2023-04-09', 183),
(2189, '2023-05-2', '2023-05-11', 183),
(2190, '2023-06-2', '2023-06-03', 183),
(2191, '2023-07-2', '2023-07-05', 183),
(2192, '2023-08-2', '2023-08-04', 183),
(2193, '2023-09-2', '2023-09-11', 183),
(2194, '2023-10-2', '2023-10-01', 183),
(2195, '2023-11-2', '2023-11-04', 183),
(2196, '2023-12-2', '2023-12-05', 183),
(2197, '2023-01-23', '2023-01-08', 184),
(2198, '2023-02-23', '2023-02-10', 184),
(2199, '2023-03-23', '2023-03-11', 184),
(2200, '2023-04-23', '2023-04-04', 184),
(2201, '2023-05-23', '2023-05-02', 184),
(2202, '2023-06-23', '2023-06-06', 184),
(2203, '2023-07-23', '2023-07-01', 184),
(2204, '2023-08-23', '2023-08-01', 184),
(2205, '2023-09-23', '2023-09-11', 184),
(2206, '2023-10-23', '2023-10-10', 184),
(2207, '2023-11-23', '2023-11-11', 184),
(2208, '2023-12-23', '2023-12-09', 184),
(2209, '2023-01-9', '2023-01-02', 185),
(2210, '2023-02-9', '2023-02-05', 185),
(2211, '2023-03-9', '2023-03-08', 185),
(2212, '2023-04-9', '2023-04-06', 185),
(2213, '2023-05-9', '2023-05-09', 185),
(2214, '2023-06-9', '2023-06-10', 185),
(2215, '2023-07-9', '2023-07-02', 185),
(2216, '2023-08-9', '2023-08-10', 185),
(2217, '2023-09-9', '2023-09-11', 185),
(2218, '2023-10-9', '2023-10-04', 185),
(2219, '2023-11-9', '2023-11-06', 185),
(2220, '2023-12-9', '2023-12-09', 185),
(2221, '2023-01-1', '2023-01-10', 186),
(2222, '2023-02-1', '2023-02-08', 186),
(2223, '2023-03-1', '2023-03-09', 186),
(2224, '2023-04-1', '2023-04-03', 186),
(2225, '2023-05-1', '2023-05-09', 186),
(2226, '2023-06-1', '2023-06-09', 186),
(2227, '2023-07-1', '2023-07-06', 186),
(2228, '2023-08-1', '2023-08-03', 186),
(2229, '2023-09-1', '2023-09-08', 186),
(2230, '2023-10-1', '2023-10-10', 186),
(2231, '2023-11-1', '2023-11-11', 186),
(2232, '2023-12-1', '2023-12-02', 186),
(2233, '2023-01-16', '2023-01-11', 187),
(2234, '2023-02-16', '2023-02-04', 187),
(2235, '2023-03-16', '2023-03-09', 187),
(2236, '2023-04-16', '2023-04-03', 187),
(2237, '2023-05-16', '2023-05-03', 187),
(2238, '2023-06-16', '2023-06-08', 187),
(2239, '2023-07-16', '2023-07-09', 187),
(2240, '2023-08-16', '2023-08-07', 187),
(2241, '2023-09-16', '2023-09-01', 187),
(2242, '2023-10-16', '2023-10-04', 187),
(2243, '2023-11-16', '2023-11-10', 187),
(2244, '2023-12-16', '2023-12-01', 187),
(2245, '2023-01-26', '2023-01-06', 188),
(2246, '2023-02-26', '2023-02-01', 188),
(2247, '2023-03-26', '2023-03-02', 188),
(2248, '2023-04-26', '2023-04-02', 188),
(2249, '2023-05-26', '2023-05-08', 188),
(2250, '2023-06-26', '2023-06-01', 188),
(2251, '2023-07-26', '2023-07-11', 188),
(2252, '2023-08-26', '2023-08-01', 188),
(2253, '2023-09-26', '2023-09-06', 188),
(2254, '2023-10-26', '2023-10-06', 188),
(2255, '2023-11-26', '2023-11-10', 188),
(2256, '2023-12-26', '2023-12-07', 188),
(2257, '2023-01-12', '2023-01-06', 189),
(2258, '2023-02-12', '2023-02-10', 189),
(2259, '2023-03-12', '2023-03-02', 189),
(2260, '2023-04-12', '2023-04-09', 189),
(2261, '2023-05-12', '2023-05-07', 189),
(2262, '2023-06-12', '2023-06-09', 189),
(2263, '2023-07-12', '2023-07-09', 189),
(2264, '2023-08-12', '2023-08-03', 189),
(2265, '2023-09-12', '2023-09-03', 189),
(2266, '2023-10-12', '2023-10-05', 189),
(2267, '2023-11-12', '2023-11-09', 189),
(2268, '2023-12-12', '2023-12-09', 189),
(2269, '2023-01-23', '2023-01-03', 190),
(2270, '2023-02-23', '2023-02-10', 190),
(2271, '2023-03-23', '2023-03-06', 190),
(2272, '2023-04-23', '2023-04-01', 190),
(2273, '2023-05-23', '2023-05-09', 190),
(2274, '2023-06-23', '2023-06-01', 190),
(2275, '2023-07-23', '2023-07-09', 190),
(2276, '2023-08-23', '2023-08-03', 190),
(2277, '2023-09-23', '2023-09-09', 190),
(2278, '2023-10-23', '2023-10-07', 190),
(2279, '2023-11-23', '2023-11-11', 190),
(2280, '2023-12-23', '2023-12-05', 190),
(2281, '2023-01-8', '2023-01-03', 191),
(2282, '2023-02-8', '2023-02-07', 191),
(2283, '2023-03-8', '2023-03-06', 191),
(2284, '2023-04-8', '2023-04-10', 191),
(2285, '2023-05-8', '2023-05-08', 191),
(2286, '2023-06-8', '2023-06-06', 191),
(2287, '2023-07-8', '2023-07-02', 191),
(2288, '2023-08-8', '2023-08-02', 191),
(2289, '2023-09-8', '2023-09-11', 191),
(2290, '2023-10-8', '2023-10-03', 191),
(2291, '2023-11-8', '2023-11-07', 191),
(2292, '2023-12-8', '2023-12-06', 191),
(2293, '2023-01-18', '2023-01-07', 192),
(2294, '2023-02-18', '2023-02-03', 192),
(2295, '2023-03-18', '2023-03-10', 192),
(2296, '2023-04-18', '2023-04-06', 192),
(2297, '2023-05-18', '2023-05-11', 192),
(2298, '2023-06-18', '2023-06-08', 192),
(2299, '2023-07-18', '2023-07-05', 192),
(2300, '2023-08-18', '2023-08-11', 192),
(2301, '2023-09-18', '2023-09-04', 192),
(2302, '2023-10-18', '2023-10-11', 192),
(2303, '2023-11-18', '2023-11-04', 192),
(2304, '2023-12-18', '2023-12-09', 192),
(2305, '2023-01-15', '2023-01-08', 193),
(2306, '2023-02-15', '2023-02-08', 193),
(2307, '2023-03-15', '2023-03-08', 193),
(2308, '2023-04-15', '2023-04-10', 193),
(2309, '2023-05-15', '2023-05-04', 193),
(2310, '2023-06-15', '2023-06-10', 193),
(2311, '2023-07-15', '2023-07-04', 193),
(2312, '2023-08-15', '2023-08-02', 193),
(2313, '2023-09-15', '2023-09-06', 193),
(2314, '2023-10-15', '2023-10-05', 193),
(2315, '2023-11-15', '2023-11-02', 193),
(2316, '2023-12-15', '2023-12-06', 193),
(2317, '2023-01-9', '2023-01-08', 194),
(2318, '2023-02-9', '2023-02-04', 194),
(2319, '2023-03-9', '2023-03-11', 194),
(2320, '2023-04-9', '2023-04-10', 194),
(2321, '2023-05-9', '2023-05-10', 194),
(2322, '2023-06-9', '2023-06-10', 194),
(2323, '2023-07-9', '2023-07-04', 194),
(2324, '2023-08-9', '2023-08-03', 194),
(2325, '2023-09-9', '2023-09-07', 194),
(2326, '2023-10-9', '2023-10-01', 194),
(2327, '2023-11-9', '2023-11-04', 194),
(2328, '2023-12-9', '2023-12-09', 194),
(2329, '2023-01-3', '2023-01-06', 195),
(2330, '2023-02-3', '2023-02-10', 195),
(2331, '2023-03-3', '2023-03-11', 195),
(2332, '2023-04-3', '2023-04-11', 195),
(2333, '2023-05-3', '2023-05-07', 195),
(2334, '2023-06-3', '2023-06-06', 195),
(2335, '2023-07-3', '2023-07-01', 195),
(2336, '2023-08-3', '2023-08-04', 195),
(2337, '2023-09-3', '2023-09-11', 195),
(2338, '2023-10-3', '2023-10-02', 195),
(2339, '2023-11-3', '2023-11-07', 195),
(2340, '2023-12-3', '2023-12-09', 195),
(2341, '2023-01-13', '2023-01-01', 196),
(2342, '2023-02-13', '2023-02-04', 196),
(2343, '2023-03-13', '2023-03-03', 196),
(2344, '2023-04-13', '2023-04-08', 196),
(2345, '2023-05-13', '2023-05-11', 196),
(2346, '2023-06-13', '2023-06-01', 196),
(2347, '2023-07-13', '2023-07-07', 196),
(2348, '2023-08-13', '2023-08-01', 196),
(2349, '2023-09-13', '2023-09-03', 196),
(2350, '2023-10-13', '2023-10-08', 196),
(2351, '2023-11-13', '2023-11-05', 196),
(2352, '2023-12-13', '2023-12-01', 196),
(2353, '2023-01-23', '2023-01-06', 197),
(2354, '2023-02-23', '2023-02-07', 197),
(2355, '2023-03-23', '2023-03-02', 197),
(2356, '2023-04-23', '2023-04-04', 197),
(2357, '2023-05-23', '2023-05-04', 197),
(2358, '2023-06-23', '2023-06-01', 197),
(2359, '2023-07-23', '2023-07-07', 197),
(2360, '2023-08-23', '2023-08-10', 197),
(2361, '2023-09-23', '2023-09-07', 197),
(2362, '2023-10-23', '2023-10-11', 197),
(2363, '2023-11-23', '2023-11-07', 197),
(2364, '2023-12-23', '2023-12-09', 197),
(2365, '2023-01-23', '2023-01-02', 198),
(2366, '2023-02-23', '2023-02-11', 198),
(2367, '2023-03-23', '2023-03-04', 198),
(2368, '2023-04-23', '2023-04-06', 198),
(2369, '2023-05-23', '2023-05-07', 198),
(2370, '2023-06-23', '2023-06-02', 198),
(2371, '2023-07-23', '2023-07-04', 198),
(2372, '2023-08-23', '2023-08-08', 198),
(2373, '2023-09-23', '2023-09-05', 198),
(2374, '2023-10-23', '2023-10-10', 198),
(2375, '2023-11-23', '2023-11-10', 198),
(2376, '2023-12-23', '2023-12-07', 198),
(2377, '2023-01-10', '2023-01-08', 199),
(2378, '2023-02-10', '2023-02-08', 199),
(2379, '2023-03-10', '2023-03-03', 199),
(2380, '2023-04-10', '2023-04-04', 199),
(2381, '2023-05-10', '2023-05-06', 199),
(2382, '2023-06-10', '2023-06-05', 199),
(2383, '2023-07-10', '2023-07-03', 199),
(2384, '2023-08-10', '2023-08-11', 199),
(2385, '2023-09-10', '2023-09-04', 199),
(2386, '2023-10-10', '2023-10-04', 199),
(2387, '2023-11-10', '2023-11-10', 199),
(2388, '2023-12-10', '2023-12-07', 199),
(2389, '2023-01-23', '2023-01-01', 200),
(2390, '2023-02-23', '2023-02-07', 200),
(2391, '2023-03-23', '2023-03-03', 200),
(2392, '2023-04-23', '2023-04-06', 200),
(2393, '2023-05-23', '2023-05-11', 200),
(2394, '2023-06-23', '2023-06-03', 200),
(2395, '2023-07-23', '2023-07-09', 200),
(2396, '2023-08-23', '2023-08-11', 200),
(2397, '2023-09-23', '2023-09-08', 200),
(2398, '2023-10-23', '2023-10-01', 200),
(2399, '2023-11-23', '2023-11-11', 200),
(2400, '2023-12-23', '2023-12-03', 200);

